Experience,Salary,Record_Count
-4,45009.0,2
-4,73702.0,2
-4,95270.0,2
-1,87767.0,2
-3,51189.0,2
-1,102136.0,2
-1,93338.0,2
-3,49402.0,2
0,-96198.0,2
-4,86814.0,2
8,-92770.0,2
-5,50098.0,2
0,-9212.0,2
-2,134489.0,2
-2,83612.0,2
3,-14183.0,1
3,-46964.0,1
3,-12443.0,1
15,-62381.0,1
0,-91425.0,1
11,-7014.0,1
2,-36169.0,1
1,-8376.0,1
12,-69517.0,1
-5,42265.0,1
-4,73726.0,1
6,-11460.0,1
2,-76532.0,1
-3,101579.0,1
4,-33184.0,1
2,-73156.0,1
-3,90153.0,1
8,-95399.0,1
0,-46724.0,1
1,-68566.0,1
10,-26615.0,1
-2,236335.0,1
12,-82584.0,1
1,-83291.0,1
-2,58571.0,1
-5,36413.0,1
-5,89121.0,1
5,-72539.0,1
2,-78142.0,1
-4,51780.0,1
2,-15445.0,1
0,-57667.0,1
2,-89949.0,1
14,-61190.0,1
-3,47711.0,1
-5,58931.0,1
12,-1748.0,1
7,-43126.0,1
-3,77491.0,1
1,-44197.0,1
-2,90272.0,1
5,-31791.0,1
5,-4100.0,1
9,-88188.0,1
-2,61831.0,1
-5,49064.0,1
3,-75871.0,1
8,-95245.0,1
-5,49971.0,1
-5,168120.0,1
-2,47937.0,1
0,-43033.0,1
15,-8917.0,1
-3,44566.0,1
-3,131986.0,1
6,-37859.0,1
-1,54538.0,1
-3,142492.0,1
-3,81296.0,1
16,-8176.0,1
9,-78177.0,1
3,-32718.0,1
8,-82539.0,1
2,-11763.0,1
5,-3301.0,1
7,-31496.0,1
-4,151705.0,1
2,-3571.0,1
1,-27302.0,1
1,-34053.0,1
-2,77772.0,1
-4,54309.0,1
-3,80097.0,1
-5,141754.0,1
5,-18300.0,1
-5,97574.0,1
-1,46101.0,1
-5,149239.0,1
7,-87807.0,1
4,-30290.0,1
2,-20364.0,1
6,-32086.0,1
17,-48804.0,1
-3,41443.0,1
10,-68663.0,1
-2,46812.0,1
-3,96204.0,1
-1,38829.0,1
5,-58317.0,1
-1,135778.0,1
-5,175250.0,1
0,-71013.0,1
8,-31257.0,1
4,-57594.0,1
-5,131449.0,1
-3,203905.0,1
-3,56520.0,1
3,-23274.0,1
-1,55260.0,1
-5,151038.0,1
0,-75222.0,1
7,-90235.0,1
7,-19647.0,1
1,-66599.0,1
-2,84618.0,1
4,-9282.0,1
13,-30265.0,1
-2,166981.0,1
6,-29115.0,1
1,-97783.0,1
15,-8968.0,1
14,-69817.0,1
8,-99643.0,1
-5,79998.0,1
4,-74910.0,1
-3,155193.0,1
18,-96924.0,1
0,-93958.0,1
7,-64537.0,1
-1,56300.0,1
-5,91558.0,1
-1,53590.0,1
7,-65729.0,1
-4,70543.0,1
12,-5307.0,1
1,-27891.0,1
6,-3975.0,1
-3,69194.0,1
21,-64823.0,1
-5,151018.0,1
28,-91207.0,1
14,-24981.0,1
2,-81833.0,1
-2,49247.0,1
7,-43624.0,1
4,-16131.0,1
1,-13057.0,1
3,-58776.0,1
-3,90514.0,1
3,-55048.0,1
5,-97339.0,1
-3,128094.0,1
19,-98337.0,1
-1,54685.0,1
6,-67014.0,1
2,-30350.0,1
-1,61242.0,1
-1,76401.0,1
2,-56193.0,1
4,-7714.0,1
-3,42200.0,1
1,-99673.0,1
0,-8008.0,1
1,-73867.0,1
0,-34639.0,1
-2,57216.0,1
5,-32835.0,1
7,-7764.0,1
3,-26319.0,1
-3,87922.0,1
1,-82034.0,1
-5,39943.0,1
-4,145044.0,1
10,-66273.0,1
-1,50147.0,1
-1,52302.0,1
-1,94785.0,1
5,-85949.0,1
-3,59999.0,1
7,-46421.0,1
-3,60251.0,1
15,-4053.0,1
8,-26189.0,1
11,-21615.0,1
-2,159962.0,1
2,-95502.0,1
12,-65091.0,1
-5,171139.0,1
-5,226380.0,1
6,-79264.0,1
12,-19557.0,1
-1,45626.0,1
4,-67647.0,1
7,-2636.0,1
0,-56420.0,1
-3,125681.0,1
-2,218294.0,1
7,-12450.0,1
1,-8200.0,1
6,-44046.0,1
13,-75395.0,1
4,-14529.0,1
0,-48587.0,1
-3,151335.0,1
2,-11928.0,1
4,-61321.0,1
6,-80598.0,1
3,-49205.0,1
-2,206343.0,1
0,-26499.0,1
4,-58001.0,1
15,-30295.0,1
-2,133031.0,1
5,-85474.0,1
-3,91036.0,1
6,-85513.0,1
-1,47680.0,1
-1,72967.0,1
1,-40183.0,1
19,-53161.0,1
-2,40941.0,1
-2,55650.0,1
10,-17014.0,1
3,-53620.0,1
3,-95566.0,1
-5,85331.0,1
16,-98837.0,1
1,-68690.0,1
1,-46148.0,1
-5,53670.0,1
3,-93716.0,1
-2,53023.0,1
5,-23093.0,1
-1,59187.0,1
-3,130388.0,1
27,-96756.0,1
1,-16874.0,1
-5,102873.0,1
-5,44313.0,1
-1,52727.0,1
6,-77392.0,1
5,-33791.0,1
-4,74902.0,1
-3,141907.0,1
3,-79546.0,1
-3,45148.0,1
-5,82002.0,1
-4,58966.0,1
9,-43955.0,1
0,-40513.0,1
4,-23645.0,1
24,-80931.0,1
-4,57302.0,1
5,-80195.0,1
-3,70629.0,1
2,-11569.0,1
2,-21467.0,1
2,-49807.0,1
-2,53599.0,1
0,-321.0,1
10,-20352.0,1
16,-79788.0,1
-3,44014.0,1
5,-67828.0,1
4,-79523.0,1
6,-54629.0,1
3,-34983.0,1
1,-78681.0,1
-2,59672.0,1
22,-21743.0,1
15,-20048.0,1
-3,60568.0,1
10,-20221.0,1
6,-96236.0,1
10,-72797.0,1
-5,88325.0,1
-2,89163.0,1
-1,57076.0,1
0,-90706.0,1
7,-39575.0,1
-5,51621.0,1
-1,235778.0,1
-2,133887.0,1
6,-32552.0,1
-5,68247.0,1
11,-57205.0,1
-3,92665.0,1
1,-86068.0,1
-3,84056.0,1
-1,88383.0,1
-2,62194.0,1
2,-11720.0,1
12,-50393.0,1
-2,105972.0,1
1,-95609.0,1
-2,46237.0,1
6,-20589.0,1
-4,104760.0,1
3,-45331.0,1
-5,177629.0,1
-4,100727.0,1
3,-46663.0,1
-3,42894.0,1
-1,136745.0,1
-5,142266.0,1
-4,77791.0,1
13,-21481.0,1
10,-65399.0,1
-2,55482.0,1
15,-25525.0,1
-3,51265.0,1
10,-31923.0,1
15,-28159.0,1
-4,58048.0,1
0,-5820.0,1
4,-32795.0,1
-5,44159.0,1
3,-68955.0,1
11,-85913.0,1
2,-23050.0,1
-1,208218.0,1
-5,78169.0,1
2,-55382.0,1
15,-19695.0,1
-4,57213.0,1
-4,103142.0,1
-5,42909.0,1
15,-88308.0,1
22,-71743.0,1
4,-81385.0,1
-5,49443.0,1
3,-35903.0,1
13,-70147.0,1
5,-92392.0,1
4,-24349.0,1
-2,85166.0,1
6,-36007.0,1
-1,142740.0,1
-4,161689.0,1
6,-94901.0,1
0,-69415.0,1
1,-17180.0,1
21,-79445.0,1
14,-84692.0,1
7,-51675.0,1
8,-74565.0,1
0,-21629.0,1
7,-64076.0,1
-2,36958.0,1
0,-78625.0,1
2,-33743.0,1
1,-5380.0,1
0,-83091.0,1
-5,46373.0,1
4,-86080.0,1
-3,59183.0,1
1,-77100.0,1
-5,80372.0,1
-1,76097.0,1
-3,101702.0,1
5,-69124.0,1
-1,145845.0,1
-3,60918.0,1
0,-62028.0,1
3,-91360.0,1
6,-95187.0,1
0,-8007.0,1
1,-42652.0,1
-1,41731.0,1
1,-62992.0,1
-5,85165.0,1
8,-73063.0,1
-5,53749.0,1
1,-53800.0,1
-2,134331.0,1
-2,53898.0,1
-2,107142.0,1
0,-42231.0,1
2,-9061.0,1
0,-23877.0,1
5,-94227.0,1
2,-18083.0,1
-4,46259.0,1
-2,118772.0,1
3,-45411.0,1
1,-72674.0,1
9,-20777.0,1
2,-32387.0,1
2,-25538.0,1
5,-95266.0,1
-2,48259.0,1
-1,80720.0,1
-2,76496.0,1
-3,244207.0,1
10,-86700.0,1
14,-41357.0,1
-1,61416.0,1
2,-22024.0,1
-4,46929.0,1
8,-31782.0,1
13,-71648.0,1
-5,135437.0,1
4,-63226.0,1
-2,130510.0,1
-4,52835.0,1
1,-79861.0,1
-4,138923.0,1
7,-72810.0,1
6,-57256.0,1
-4,140257.0,1
1,-20996.0,1
-4,136726.0,1
-5,40905.0,1
-3,151399.0,1
-2,99103.0,1
3,-99506.0,1
6,-88900.0,1
-3,48481.0,1
-5,78854.0,1
-2,46644.0,1
14,-17711.0,1
3,-19244.0,1
2,-28983.0,1
-2,121282.0,1
3,-48874.0,1
2,-86520.0,1
-5,47820.0,1
-2,123549.0,1
5,-9581.0,1
-4,82458.0,1
-2,45871.0,1
7,-30455.0,1
8,-40093.0,1
11,-28149.0,1
12,-6795.0,1
15,-27671.0,1
-1,47035.0,1
-3,145153.0,1
-3,96468.0,1
-4,40651.0,1
-2,94339.0,1
-3,47906.0,1
-1,92266.0,1
-3,142743.0,1
4,-10926.0,1
4,-31058.0,1
3,-94780.0,1
6,-81949.0,1
1,-71043.0,1
1,-11198.0,1
0,-34594.0,1
-4,85237.0,1
9,-10316.0,1
1,-22573.0,1
15,-83058.0,1
-2,97785.0,1
-4,54494.0,1
0,-10565.0,1
6,-13429.0,1
-2,59466.0,1
8,-33314.0,1
0,-35946.0,1
5,-34890.0,1
-3,109679.0,1
14,-28502.0,1
14,-68849.0,1
3,-69025.0,1
-1,58418.0,1
-3,63487.0,1
9,-23923.0,1
-1,44961.0,1
-3,94476.0,1
-5,152977.0,1
0,-29967.0,1
-4,75880.0,1
3,-83020.0,1
13,-53263.0,1
14,-40503.0,1
-3,135450.0,1
1,-46955.0,1
-2,172431.0,1
-4,82601.0,1
-1,81359.0,1
5,-71492.0,1
-4,43622.0,1
15,-68478.0,1
-2,98269.0,1
-3,83567.0,1
-4,83031.0,1
-2,40604.0,1
3,-89175.0,1
-2,81846.0,1
-3,85966.0,1
5,-90094.0,1
1,-63266.0,1
1,-24454.0,1
-3,81264.0,1
5,-5212.0,1
-3,62348.0,1
1,-56331.0,1
-3,238503.0,1
7,-68725.0,1
1,-4601.0,1
-1,67437.0,1
-3,136311.0,1
0,-35279.0,1
2,-88973.0,1
3,-36539.0,1
0,-90318.0,1
4,-29001.0,1
6,-51518.0,1
10,-44512.0,1
-1,60111.0,1
3,-53198.0,1
1,-42984.0,1
3,-17046.0,1
14,-67121.0,1
-1,82744.0,1
-2,50211.0,1
0,-81405.0,1
6,-32925.0,1
3,-27036.0,1
9,-79380.0,1
1,-10386.0,1
8,-27464.0,1
3,-5529.0,1
9,-27708.0,1
5,-48004.0,1
-2,53789.0,1
-4,38933.0,1
2,-5058.0,1
0,-19967.0,1
-1,123957.0,1
-2,86168.0,1
-5,87642.0,1
-4,55939.0,1
3,-50773.0,1
-5,159138.0,1
-1,85475.0,1
-5,40135.0,1
-4,83924.0,1
-1,100546.0,1
13,-26216.0,1
-4,150570.0,1
-5,52474.0,1
-3,75317.0,1
8,-47918.0,1
-1,121139.0,1
-4,77068.0,1
3,-59763.0,1
-2,70220.0,1
3,-85778.0,1
8,-87430.0,1
7,-31925.0,1
-2,99246.0,1
-3,56214.0,1
6,-36793.0,1
-3,86514.0,1
11,-58527.0,1
-5,51195.0,1
-4,88380.0,1
-3,86535.0,1
8,-59679.0,1
4,-37554.0,1
-2,46166.0,1
-2,54149.0,1
4,-56589.0,1
2,-92984.0,1
6,-67868.0,1
-4,63681.0,1
4,-41825.0,1
-5,142872.0,1
-1,168278.0,1
-5,108294.0,1
7,-56304.0,1
6,-13525.0,1
13,-25088.0,1
12,-26511.0,1
5,-41309.0,1
8,-45540.0,1
-1,44070.0,1
0,-28011.0,1
5,-11511.0,1
-4,73479.0,1
15,-57241.0,1
7,-54991.0,1
7,-20502.0,1
7,-44858.0,1
-4,241098.0,1
4,-88826.0,1
2,-97319.0,1
-5,70679.0,1
5,-49115.0,1
-1,123611.0,1
19,-89055.0,1
-4,45069.0,1
2,-63455.0,1
-4,99082.0,1
3,-32431.0,1
-2,60139.0,1
25,-92848.0,1
-2,46006.0,1
0,-70066.0,1
-4,98698.0,1
8,-81132.0,1
1,-59085.0,1
2,-90696.0,1
0,-17588.0,1
-3,41247.0,1
4,-74278.0,1
-2,84192.0,1
3,-78719.0,1
-3,37144.0,1
8,-75833.0,1
6,-28516.0,1
7,-46275.0,1
-1,61183.0,1
5,-66527.0,1
-4,79056.0,1
25,-37374.0,1
-5,106711.0,1
2,-37298.0,1
0,-42343.0,1
16,-24628.0,1
-3,86336.0,1
13,-60437.0,1
-5,59579.0,1
0,-35378.0,1
1,-81882.0,1
1,-29084.0,1
3,-62485.0,1
-3,90192.0,1
2,-74843.0,1
-2,51170.0,1
-4,44884.0,1
8,-17332.0,1
3,-56390.0,1
-4,83962.0,1
6,-33631.0,1
-3,115847.0,1
7,-15922.0,1
-1,58451.0,1
13,-76503.0,1
0,-38355.0,1
12,-66206.0,1
-3,49292.0,1
1,-79415.0,1
8,-47260.0,1
3,-94535.0,1
1,-22293.0,1
8,-61462.0,1
5,-69613.0,1
2,-90080.0,1
7,-21727.0,1
0,-40183.0,1
6,-36654.0,1
23,-78059.0,1
23,-61585.0,1
7,-43845.0,1
4,-55262.0,1
-3,162018.0,1
1,-28034.0,1
1,-46109.0,1
3,-35323.0,1
-4,82040.0,1
3,-43054.0,1
-4,83690.0,1
-2,93053.0,1
-1,48028.0,1
-3,90768.0,1
5,-35800.0,1
2,-99452.0,1
0,-85171.0,1
-1,116280.0,1
3,-6847.0,1
-2,96283.0,1
0,-46033.0,1
13,-68710.0,1
-1,93518.0,1
-4,73635.0,1
3,-63627.0,1
17,-22825.0,1
-1,184284.0,1
1,-47706.0,1
9,-86459.0,1
0,-25094.0,1
0,-68265.0,1
7,-96688.0,1
10,-77016.0,1
6,-34182.0,1
1,-36850.0,1
6,-9760.0,1
4,-12436.0,1
2,-49053.0,1
-4,72592.0,1
13,-75217.0,1
4,-52240.0,1
4,-80609.0,1
7,-68261.0,1
-5,39901.0,1
-5,97742.0,1
14,-19264.0,1
8,-56462.0,1
17,-34366.0,1
-4,98088.0,1
5,-17984.0,1
-1,41483.0,1
-2,165221.0,1
10,-22475.0,1
3,-33239.0,1
4,-16451.0,1
-2,52889.0,1
20,-33473.0,1
0,-22897.0,1
-2,116994.0,1
-1,142900.0,1
6,-87388.0,1
13,-2503.0,1
-4,123076.0,1
0,-71808.0,1
0,-12117.0,1
-1,132813.0,1
-2,79989.0,1
-1,94938.0,1
-5,53859.0,1
4,-64979.0,1
4,-94718.0,1
4,-18281.0,1
14,-43003.0,1
-4,60631.0,1
-3,94354.0,1
-1,42805.0,1
8,-50450.0,1
9,-54586.0,1
5,-40383.0,1
7,-96552.0,1
9,-64684.0,1
7,-64306.0,1
-2,82416.0,1
-5,91010.0,1
-4,156032.0,1
2,-10542.0,1
3,-84085.0,1
0,-56915.0,1
-1,50843.0,1
-5,49488.0,1
8,-40031.0,1
3,-9173.0,1
0,-28546.0,1
-1,62294.0,1
-5,87408.0,1
-1,50646.0,1
4,-43712.0,1
-1,50070.0,1
13,-91178.0,1
6,-49481.0,1
-2,125772.0,1
3,-47951.0,1
0,-23610.0,1
8,-24631.0,1
-1,100659.0,1
15,-24360.0,1
-3,60327.0,1
18,-53713.0,1
-1,43393.0,1
-2,38985.0,1
2,-4688.0,1
-4,92011.0,1
2,-4536.0,1
3,-23844.0,1
9,-96434.0,1
-4,139780.0,1
3,-88684.0,1
-1,213734.0,1
-3,97389.0,1
3,-79135.0,1
3,-8348.0,1
1,-41291.0,1
0,-68640.0,1
7,-99228.0,1
-1,44559.0,1
-1,35597.0,1
4,-9130.0,1
-2,50408.0,1
4,-52097.0,1
8,-43802.0,1
-5,95891.0,1
1,-33660.0,1
2,-22678.0,1
-3,54234.0,1
0,-10084.0,1
8,-16771.0,1
-1,44062.0,1
5,-9236.0,1
-2,87292.0,1
2,-48585.0,1
10,-90368.0,1
9,-20634.0,1
-2,39921.0,1
3,-29242.0,1
5,-48142.0,1
-5,98609.0,1
-5,47099.0,1
1,-66816.0,1
2,-46880.0,1
2,-11379.0,1
8,-66989.0,1
-4,136411.0,1
2,-38302.0,1
9,-64715.0,1
2,-52132.0,1
7,-74636.0,1
17,-38525.0,1
10,-46336.0,1
8,-61201.0,1
10,-9212.0,1
7,-78778.0,1
13,-23139.0,1
-2,49523.0,1
0,-94893.0,1
-4,48618.0,1
2,-2435.0,1
-5,86122.0,1
14,-94772.0,1
9,-78283.0,1
1,-38270.0,1
6,-74288.0,1
16,-69835.0,1
-2,144471.0,1
5,-23888.0,1
10,-83417.0,1
-4,41782.0,1
-5,80952.0,1
3,-25858.0,1
-5,59008.0,1
-3,46287.0,1
4,-56102.0,1
7,-73396.0,1
-1,46626.0,1
2,-22676.0,1
-2,52210.0,1
3,-97802.0,1
3,-76310.0,1
3,-98299.0,1
7,-44101.0,1
18,-40134.0,1
11,-90682.0,1
-1,138797.0,1
-2,159284.0,1
11,-28410.0,1
1,-48915.0,1
1,-43789.0,1
-3,137642.0,1
-1,46528.0,1
-3,132809.0,1
4,-49270.0,1
15,-41061.0,1
6,-90055.0,1
-3,84465.0,1
-4,125158.0,1
20,-50259.0,1
4,-15880.0,1
-4,92087.0,1
-1,60563.0,1
-2,55832.0,1
-2,97957.0,1
-1,42801.0,1
3,-8842.0,1
-5,47157.0,1
3,-76489.0,1
-2,105877.0,1
-3,91590.0,1
4,-93478.0,1
15,-45454.0,1
-2,152902.0,1
2,-35243.0,1
1,-97990.0,1
0,-96092.0,1
-2,68368.0,1
10,-26578.0,1
-4,77415.0,1
3,-68635.0,1
6,-95290.0,1
7,-41358.0,1
24,-69711.0,1
-4,47671.0,1
-2,67398.0,1
-5,64987.0,1
3,-74285.0,1
4,-56679.0,1
-1,159228.0,1
-5,96335.0,1
2,-33262.0,1
1,-45641.0,1
-1,48079.0,1
7,-99868.0,1
14,-70155.0,1
-3,52707.0,1
-4,162734.0,1
-3,41939.0,1
-3,94335.0,1
4,-90445.0,1
13,-61771.0,1
-3,45959.0,1
2,-29499.0,1
10,-89342.0,1
2,-63183.0,1
4,-54049.0,1
30,-69068.0,1
11,-17072.0,1
1,-86711.0,1
-1,135390.0,1
-1,80036.0,1
2,-47154.0,1
11,-79385.0,1
4,-94463.0,1
14,-54383.0,1
1,-32839.0,1
-3,154465.0,1
6,-83087.0,1
-3,163030.0,1
8,-99780.0,1
4,-67.0,1
-2,53016.0,1
-3,100507.0,1
-2,70566.0,1
7,-33942.0,1
3,-13372.0,1
6,-88762.0,1
-1,50446.0,1
-1,56287.0,1
11,-15588.0,1
-4,74837.0,1
7,-47089.0,1
-4,81638.0,1
2,-69238.0,1
-4,46226.0,1
-5,97748.0,1
-2,55993.0,1
6,-31522.0,1
3,-45532.0,1
4,-39087.0,1
-2,96269.0,1
-1,40096.0,1
-1,196183.0,1
2,-17555.0,1
6,-93071.0,1
-3,118178.0,1
-1,43764.0,1
4,-90967.0,1
15,-12591.0,1
-4,75167.0,1
2,-41118.0,1
-4,55560.0,1
5,-2240.0,1
15,-34320.0,1
8,-89887.0,1
1,-47342.0,1
5,-85981.0,1
7,-18500.0,1
1,-59840.0,1
4,-44351.0,1
8,-68166.0,1
7,-22428.0,1
0,-63709.0,1
-2,176692.0,1
6,-24795.0,1
-1,50043.0,1
6,-71303.0,1
-3,58078.0,1
-1,87703.0,1
3,-60980.0,1
-5,70900.0,1
-3,55692.0,1
-1,78240.0,1
6,-77450.0,1
-3,107815.0,1
-3,117104.0,1
-4,89688.0,1
8,-9331.0,1
-2,135409.0,1
-5,93668.0,1
2,-45659.0,1
21,-48255.0,1
2,-10658.0,1
-1,88639.0,1
7,-77761.0,1
-1,53526.0,1
5,-59317.0,1
12,-6541.0,1
3,-10322.0,1
0,-57650.0,1
8,-34684.0,1
10,-69059.0,1
9,-12909.0,1
5,-3067.0,1
1,-703.0,1
-3,140171.0,1
-4,145531.0,1
-4,129834.0,1
13,-6969.0,1
-4,96878.0,1
2,-33590.0,1
-4,134843.0,1
7,-32303.0,1
-2,259145.0,1
-5,50619.0,1
-5,89098.0,1
6,-5751.0,1
3,-71689.0,1
2,-51220.0,1
-3,90301.0,1
-3,79582.0,1
-3,58600.0,1
1,-3830.0,1
7,-94772.0,1
-3,61652.0,1
-4,119737.0,1
6,-3587.0,1
5,-39496.0,1
-2,93623.0,1
4,-16354.0,1
-5,42526.0,1
-3,54897.0,1
3,-91336.0,1
14,-41837.0,1
7,-85143.0,1
2,-69833.0,1
5,-87879.0,1
-4,171894.0,1
-2,58587.0,1
4,-80606.0,1
-5,113553.0,1
2,-48891.0,1
-4,48718.0,1
26,-29687.0,1
-5,52792.0,1
-5,135139.0,1
6,-44008.0,1
-2,139278.0,1
-1,48203.0,1
3,-45397.0,1
0,-16683.0,1
-4,86442.0,1
-3,61690.0,1
-1,53665.0,1
2,-60081.0,1
-4,44937.0,1
1,-4384.0,1
0,-55657.0,1
7,-97929.0,1
10,-9219.0,1
0,-89227.0,1
0,-59040.0,1
4,-59059.0,1
3,-39712.0,1
5,-32728.0,1
1,-64798.0,1
-5,40913.0,1
0,-27779.0,1
3,-90906.0,1
-5,102318.0,1
-2,77587.0,1
13,-81230.0,1
-5,56337.0,1
0,-491.0,1
-2,107317.0,1
-2,49878.0,1
-1,123742.0,1
-2,107697.0,1
-2,38752.0,1
13,-27889.0,1
-3,75276.0,1
6,-92173.0,1
8,-54499.0,1
8,-14955.0,1
-3,39659.0,1
-5,59656.0,1
23,-64656.0,1
5,-2904.0,1
-3,46846.0,1
4,-27414.0,1
0,-14638.0,1
1,-67706.0,1
-5,52404.0,1
0,-11958.0,1
2,-37909.0,1
6,-12265.0,1
7,-70245.0,1
0,-90987.0,1
0,-3906.0,1
0,-51602.0,1
4,-14350.0,1
0,-8802.0,1
3,-40800.0,1
12,-43863.0,1
-5,175341.0,1
2,-96157.0,1
5,-38227.0,1
-4,245667.0,1
23,-14051.0,1
7,-7110.0,1
8,-78484.0,1
-4,47881.0,1
3,-61281.0,1
0,-59430.0,1
-5,60325.0,1
-5,44492.0,1
3,-61410.0,1
1,-72868.0,1
-5,87181.0,1
-4,124622.0,1
-5,86489.0,1
5,-36600.0,1
2,-8108.0,1
-2,80602.0,1
-1,50068.0,1
17,-48543.0,1
-1,77087.0,1
13,-50541.0,1
-5,39689.0,1
-1,59562.0,1
4,-21497.0,1
8,-35289.0,1
5,-38268.0,1
-5,105556.0,1
2,-32133.0,1
-5,50033.0,1
3,-25373.0,1
7,-64436.0,1
-3,155468.0,1
7,-69518.0,1
8,-58936.0,1
2,-39528.0,1
3,-68147.0,1
-5,83043.0,1
-2,84048.0,1
11,-93560.0,1
-4,60726.0,1
-5,92887.0,1
-4,49073.0,1
3,-4019.0,1
-3,86017.0,1
2,-58174.0,1
1,-75507.0,1
6,-82317.0,1
2,-97211.0,1
8,-22476.0,1
1,-6793.0,1
6,-4186.0,1
5,-86198.0,1
4,-82560.0,1
-4,79878.0,1
1,-84504.0,1
-5,161746.0,1
-2,98275.0,1
-3,66392.0,1
-2,77657.0,1
-4,63518.0,1
7,-73663.0,1
-2,104718.0,1
-2,126629.0,1
-5,79108.0,1
25,-88539.0,1
3,-6695.0,1
4,-54834.0,1
-2,81356.0,1
13,-96879.0,1
5,-60850.0,1
-3,131462.0,1
14,-26727.0,1
4,-1973.0,1
-1,120007.0,1
10,-10074.0,1
8,-14795.0,1
14,-78145.0,1
5,-47378.0,1
-1,132901.0,1
-2,41751.0,1
2,-87025.0,1
7,-63807.0,1
-5,130881.0,1
4,-77573.0,1
2,-57547.0,1
11,-42750.0,1
0,-68250.0,1
6,-13883.0,1
8,-87881.0,1
13,-77509.0,1
11,-18108.0,1
-5,86222.0,1
7,-78335.0,1
5,-49647.0,1
0,-5832.0,1
-4,61784.0,1
-1,82073.0,1
-2,59228.0,1
-1,58237.0,1
-5,70935.0,1
4,-78580.0,1
12,-24044.0,1
-3,117583.0,1
3,-9335.0,1
0,-96146.0,1
-1,56211.0,1
1,-72603.0,1
4,-134.0,1
3,-75170.0,1
-3,87692.0,1
-2,131580.0,1
6,-28906.0,1
16,-20996.0,1
5,-52140.0,1
11,-93466.0,1
-3,61906.0,1
-2,52780.0,1
10,-26952.0,1
-2,88148.0,1
0,-61948.0,1
-3,211276.0,1
8,-53232.0,1
-4,56329.0,1
3,-82649.0,1
8,-91178.0,1
-4,77067.0,1
4,-84768.0,1
-2,50868.0,1
4,-54391.0,1
-2,168190.0,1
3,-40087.0,1
10,-75019.0,1
21,-58487.0,1
-2,258970.0,1
-1,45516.0,1
2,-82729.0,1
14,-86442.0,1
-1,162394.0,1
3,-81194.0,1
1,-34947.0,1
0,-22012.0,1
19,-23203.0,1
-3,160019.0,1
-3,51063.0,1
4,-19370.0,1
4,-664.0,1
0,-6320.0,1
4,-16189.0,1
-5,133715.0,1
-4,95825.0,1
-4,91288.0,1
-3,47097.0,1
-1,46409.0,1
0,-92265.0,1
-4,43767.0,1
3,-98446.0,1
-3,44216.0,1
7,-8991.0,1
-2,52714.0,1
16,-54600.0,1
0,-32680.0,1
7,-89232.0,1
-4,51342.0,1
4,-2452.0,1
-5,91835.0,1
11,-50948.0,1
1,-61707.0,1
4,-89530.0,1
5,-93853.0,1
5,-57064.0,1
-2,129725.0,1
6,-2323.0,1
6,-68396.0,1
14,-10055.0,1
5,-12005.0,1
3,-79518.0,1
1,-94014.0,1
-4,50884.0,1
-1,93489.0,1
2,-94817.0,1
2,-67705.0,1
1,-98563.0,1
-1,97954.0,1
3,-58347.0,1
8,-29843.0,1
7,-7721.0,1
13,-21585.0,1
10,-27516.0,1
8,-99669.0,1
-2,91386.0,1
-5,96551.0,1
0,-18045.0,1
5,-47642.0,1
8,-43373.0,1
27,-40528.0,1
0,-48892.0,1
10,-79564.0,1
13,-27225.0,1
-2,101234.0,1
-3,90659.0,1
-4,101943.0,1
-4,95894.0,1
8,-29379.0,1
-2,200107.0,1
2,-10923.0,1
7,-13472.0,1
7,-53761.0,1
-3,82042.0,1
3,-33919.0,1
-2,90196.0,1
0,-24488.0,1
-1,81370.0,1
-2,43489.0,1
-4,64306.0,1
-3,80497.0,1
5,-85638.0,1
-3,102538.0,1
5,-6020.0,1
4,-48189.0,1
-2,83973.0,1
9,-77263.0,1
-3,61474.0,1
1,-31545.0,1
28,-81485.0,1
-4,103525.0,1
-1,80741.0,1
-1,158149.0,1
-3,91337.0,1
6,-70515.0,1
1,-4795.0,1
-2,60502.0,1
-3,143492.0,1
-4,79923.0,1
-2,129369.0,1
4,-72549.0,1
-4,47888.0,1
-3,52587.0,1
10,-73552.0,1
2,-38749.0,1
-1,62808.0,1
10,-54929.0,1
1,-4524.0,1
8,-79983.0,1
3,-39877.0,1
3,-14029.0,1
21,-26601.0,1
6,-36071.0,1
3,-41367.0,1
13,-54268.0,1
0,-45495.0,1
17,-79758.0,1
13,-2959.0,1
-4,75842.0,1
-3,168492.0,1
-3,95015.0,1
-4,95702.0,1
-5,53610.0,1
-3,41519.0,1
-3,53393.0,1
9,-50311.0,1
4,-18863.0,1
-1,90417.0,1
5,-32282.0,1
2,-99605.0,1
4,-31488.0,1
13,-95671.0,1
9,-49901.0,1
0,-72666.0,1
-2,79977.0,1
-5,84095.0,1
4,-10282.0,1
-4,87311.0,1
0,-67295.0,1
-2,55457.0,1
3,-80167.0,1
-1,54893.0,1
1,-76692.0,1
-3,171850.0,1
4,-40234.0,1
0,-65480.0,1
0,-87654.0,1
2,-54609.0,1
8,-11573.0,1
4,-79115.0,1
13,-75330.0,1
5,-52757.0,1
5,-73138.0,1
1,-24573.0,1
4,-82312.0,1
-2,120198.0,1
-1,158861.0,1
1,-12715.0,1
-2,95027.0,1
0,-47731.0,1
1,-97996.0,1
5,-44577.0,1
2,-93794.0,1
-2,48516.0,1
-2,143497.0,1
-2,67958.0,1
13,-11384.0,1
7,-50756.0,1
14,-81761.0,1
11,-19557.0,1
4,-76836.0,1
5,-23391.0,1
15,-33511.0,1
8,-82932.0,1
0,-67019.0,1
4,-3018.0,1
7,-99008.0,1
-2,79981.0,1
-1,51634.0,1
6,-261.0,1
-4,48341.0,1
6,-82038.0,1
-2,141710.0,1
-1,57544.0,1
13,-56314.0,1
-1,106800.0,1
-3,47497.0,1
8,-44384.0,1
1,-20693.0,1
13,-20351.0,1
1,-16971.0,1
10,-48702.0,1
6,-89852.0,1
7,-8594.0,1
2,-79184.0,1
15,-68313.0,1
22,-41029.0,1
2,-19060.0,1
13,-11581.0,1
8,-46547.0,1
-1,79417.0,1
7,-81837.0,1
-3,99320.0,1
0,-10845.0,1
-1,83608.0,1
-1,52964.0,1
14,-5301.0,1
-1,94871.0,1
1,-67239.0,1
12,-46504.0,1
6,-85920.0,1
14,-85226.0,1
-3,53964.0,1
25,-46725.0,1
11,-40888.0,1
5,-22029.0,1
4,-3675.0,1
1,-9992.0,1
-2,159359.0,1
6,-79989.0,1
6,-55420.0,1
29,-83814.0,1
-4,94906.0,1
4,-85979.0,1
-4,44579.0,1
10,-47340.0,1
3,-70075.0,1
-5,86424.0,1
-3,136594.0,1
8,-13213.0,1
1,-39861.0,1
0,-93004.0,1
12,-38590.0,1
-3,57375.0,1
-2,52153.0,1
-4,38189.0,1
28,-70925.0,1
15,-34201.0,1
3,-3370.0,1
7,-9030.0,1
7,-10850.0,1
0,-4968.0,1
7,-98911.0,1
-4,78133.0,1
7,-66695.0,1
-2,51112.0,1
-1,85705.0,1
8,-33984.0,1
1,-74846.0,1
8,-79803.0,1
-2,92328.0,1
2,-60575.0,1
14,-79137.0,1
6,-90875.0,1
6,-69497.0,1
-3,96749.0,1
3,-67609.0,1
5,-22076.0,1
2,-99445.0,1
3,-7841.0,1
7,-49664.0,1
-1,136157.0,1
2,-7935.0,1
-1,83460.0,1
9,-43737.0,1
-3,76473.0,1
-3,79276.0,1
12,-5726.0,1
-2,109162.0,1
4,-72053.0,1
7,-81588.0,1
-2,47178.0,1
2,-94092.0,1
-2,93097.0,1
0,-84113.0,1
-1,100547.0,1
6,-44229.0,1
-4,101171.0,1
30,-32418.0,1
-4,43908.0,1
-2,150511.0,1
-2,52336.0,1
-1,60953.0,1
-1,77826.0,1
-2,87774.0,1
5,-2413.0,1
10,-22074.0,1
-2,105405.0,1
1,-4719.0,1
-2,134643.0,1
-2,74980.0,1
1,-58402.0,1
1,-69858.0,1
-3,65827.0,1
-1,50948.0,1
-4,77991.0,1
4,-39856.0,1
16,-6911.0,1
9,-22723.0,1
7,-9345.0,1
0,-38867.0,1
10,-24774.0,1
-3,93513.0,1
10,-2349.0,1
3,-552.0,1
2,-12886.0,1
-1,100332.0,1
11,-49646.0,1
6,-94265.0,1
6,-82397.0,1
-1,91579.0,1
9,-86865.0,1
-5,69614.0,1
9,-71520.0,1
0,-74892.0,1
-2,51790.0,1
0,-61622.0,1
-2,41303.0,1
9,-38992.0,1
-4,49763.0,1
1,-73235.0,1
-1,80900.0,1
1,-81070.0,1
5,-59246.0,1
7,-57069.0,1
-4,53622.0,1
14,-19387.0,1
-3,103777.0,1
-1,77939.0,1
7,-50914.0,1
-3,101043.0,1
-4,95673.0,1
16,-94552.0,1
3,-44213.0,1
-3,55406.0,1
-5,50668.0,1
15,-806.0,1
5,-54800.0,1
-3,92542.0,1
1,-74378.0,1
15,-52757.0,1
0,-22426.0,1
0,-60857.0,1
-4,64089.0,1
3,-46255.0,1
-3,207013.0,1
5,-74233.0,1
7,-17482.0,1
-4,40049.0,1
1,-96376.0,1
-2,94782.0,1
-5,79275.0,1
6,-96838.0,1
4,-97429.0,1
2,-95796.0,1
7,-91204.0,1
2,-62832.0,1
-2,145157.0,1
2,-14757.0,1
5,-29199.0,1
-4,84067.0,1
13,-67101.0,1
2,-25594.0,1
0,-65644.0,1
2,-45068.0,1
8,-86477.0,1
-3,56642.0,1
2,-91484.0,1
0,-12430.0,1
4,-86892.0,1
6,-69024.0,1
-3,93631.0,1
-4,49018.0,1
-1,97994.0,1
2,-75251.0,1
3,-59860.0,1
-2,93017.0,1
9,-43967.0,1
7,-13257.0,1
-4,75797.0,1
10,-45483.0,1
1,-63995.0,1
-3,111853.0,1
0,-22690.0,1
-3,55651.0,1
8,-44475.0,1
5,-74971.0,1
-2,43436.0,1
0,-57666.0,1
3,-50350.0,1
-4,52056.0,1
2,-63330.0,1
13,-88073.0,1
-2,93011.0,1
11,-28101.0,1
3,-51251.0,1
8,-58250.0,1
-5,88188.0,1
6,-12210.0,1
-5,52409.0,1
10,-8990.0,1
8,-78735.0,1
12,-67381.0,1
14,-47652.0,1
-5,79053.0,1
-1,100070.0,1
-2,133113.0,1
-5,87809.0,1
-2,100747.0,1
-4,78456.0,1
-1,86547.0,1
2,-29045.0,1
-4,85358.0,1
29,-34518.0,1
-3,172023.0,1
6,-7553.0,1
-2,58287.0,1
3,-35160.0,1
-5,90969.0,1
-5,84031.0,1
-4,39185.0,1
-2,259991.0,1
8,-4669.0,1
2,-70627.0,1
6,-47232.0,1
4,-23050.0,1
-1,252558.0,1
-4,146377.0,1
-4,91120.0,1
25,-22737.0,1
8,-20580.0,1
4,-38648.0,1
3,-19512.0,1
1,-12782.0,1
5,-41201.0,1
-4,56246.0,1
6,-94290.0,1
3,-58667.0,1
0,-79576.0,1
-2,101314.0,1
2,-74945.0,1
2,-46551.0,1
-3,142999.0,1
-3,230633.0,1
1,-27629.0,1
-4,155427.0,1
1,-74258.0,1
3,-47444.0,1
5,-78563.0,1
0,-5067.0,1
5,-80973.0,1
14,-62691.0,1
-3,47832.0,1
7,-86182.0,1
-1,47263.0,1
-3,51333.0,1
-2,72849.0,1
-2,92898.0,1
7,-88050.0,1
13,-67934.0,1
-5,132668.0,1
-1,47528.0,1
0,-66136.0,1
0,-83816.0,1
4,-4706.0,1
-3,49114.0,1
7,-77254.0,1
6,-41792.0,1
-5,134143.0,1
5,-61098.0,1
-4,84362.0,1
7,-21383.0,1
2,-36236.0,1
3,-63618.0,1
-4,134112.0,1
6,-55107.0,1
3,-98922.0,1
14,-67093.0,1
3,-39086.0,1
-5,44531.0,1
-1,166459.0,1
3,-28955.0,1
6,-59919.0,1
15,-96590.0,1
2,-99664.0,1
-2,139939.0,1
5,-76212.0,1
5,-93434.0,1
3,-53256.0,1
8,-61974.0,1
-2,53753.0,1
-1,58593.0,1
0,-48430.0,1
5,-47114.0,1
5,-80334.0,1
-4,224248.0,1
-1,60829.0,1
-3,62179.0,1
14,-62133.0,1
-3,148377.0,1
9,-83703.0,1
-3,46812.0,1
-5,87782.0,1
-4,112716.0,1
12,-82614.0,1
-4,67488.0,1
-1,49133.0,1
-2,97966.0,1
11,-68566.0,1
7,-68975.0,1
2,-5957.0,1
1,-23103.0,1
3,-82463.0,1
5,-88163.0,1
6,-64810.0,1
8,-13620.0,1
-5,90174.0,1
12,-20822.0,1
6,-59029.0,1
8,-46171.0,1
-1,136300.0,1
-2,90972.0,1
-1,38901.0,1
-5,192669.0,1
2,-5536.0,1
-5,67963.0,1
-1,41072.0,1
-4,50047.0,1
3,-15554.0,1
11,-56644.0,1
6,-68827.0,1
7,-16425.0,1
8,-12748.0,1
1,-32784.0,1
-5,218411.0,1
7,-51521.0,1
-2,89272.0,1
13,-94036.0,1
-5,41711.0,1
12,-1153.0,1
1,-18392.0,1
-1,67948.0,1
6,-5285.0,1
-3,43147.0,1
7,-3210.0,1
7,-40591.0,1
-5,45240.0,1
15,-14844.0,1
5,-96919.0,1
12,-3911.0,1
-5,87093.0,1
-1,170646.0,1
-4,79202.0,1
-1,49127.0,1
-3,93488.0,1
-5,54074.0,1
-1,46646.0,1
-2,191020.0,1
0,-69582.0,1
-4,43962.0,1
-3,56956.0,1
-1,42564.0,1
12,-41712.0,1
0,-84084.0,1
-2,119715.0,1
6,-69419.0,1
3,-35581.0,1
-4,61854.0,1
5,-73238.0,1
-2,71941.0,1
15,-3003.0,1
14,-45187.0,1
-2,45652.0,1
-2,48840.0,1
1,-63192.0,1
-5,146917.0,1
0,-59351.0,1
-4,78109.0,1
2,-15389.0,1
1,-88992.0,1
1,-61908.0,1
8,-61044.0,1
-4,82071.0,1
-5,83051.0,1
10,-1741.0,1
-5,39908.0,1
-4,44683.0,1
1,-66495.0,1
1,-90584.0,1
-5,54704.0,1
-5,87671.0,1
-5,84377.0,1
1,-59088.0,1
6,-92219.0,1
5,-3178.0,1
4,-90571.0,1
-4,45727.0,1
2,-69569.0,1
-3,132634.0,1
-5,39418.0,1
4,-15444.0,1
0,-45751.0,1
-1,55016.0,1
-5,81059.0,1
4,-5420.0,1
-1,61533.0,1
2,-29601.0,1
2,-38797.0,1
3,-63903.0,1
3,-76156.0,1
-4,66215.0,1
10,-35509.0,1
0,-19204.0,1
1,-64276.0,1
1,-48478.0,1
5,-61216.0,1
9,-51587.0,1
8,-57352.0,1
5,-91945.0,1
2,-79479.0,1
-3,85218.0,1
8,-49537.0,1
2,-12726.0,1
-5,157740.0,1
-5,149965.0,1
2,-46701.0,1
-1,85489.0,1
7,-39920.0,1
-5,85601.0,1
-5,132583.0,1
-5,195162.0,1
8,-55567.0,1
-3,99066.0,1
2,-67921.0,1
-4,224343.0,1
11,-32927.0,1
14,-26176.0,1
5,-92377.0,1
4,-94238.0,1
-3,221499.0,1
-5,56561.0,1
4,-63648.0,1
3,-36907.0,1
3,-32221.0,1
5,-53608.0,1
-5,48897.0,1
4,-26487.0,1
10,-82803.0,1
5,-23006.0,1
16,-3909.0,1
-4,42091.0,1
1,-29691.0,1
5,-66234.0,1
6,-98554.0,1
-3,40916.0,1
-4,151181.0,1
19,-6385.0,1
-2,95336.0,1
-2,160796.0,1
-2,225671.0,1
-5,60435.0,1
13,-52339.0,1
-1,50022.0,1
-4,86149.0,1
-5,107427.0,1
12,-99783.0,1
1,-48672.0,1
-4,150775.0,1
1,-43138.0,1
8,-84519.0,1
15,-14972.0,1
13,-96962.0,1
16,-65276.0,1
-4,81658.0,1
-1,128602.0,1
7,-8142.0,1
15,-10769.0,1
12,-95484.0,1
6,-74627.0,1
-3,53098.0,1
8,-49354.0,1
5,-52200.0,1
-2,101405.0,1
1,-19777.0,1
-5,90476.0,1
8,-61496.0,1
-4,70753.0,1
7,-88911.0,1
1,-75667.0,1
-4,50285.0,1
-1,129866.0,1
8,-91776.0,1
2,-16646.0,1
5,-60211.0,1
-5,44607.0,1
-4,158936.0,1
9,-90224.0,1
0,-41601.0,1
2,-15573.0,1
2,-17258.0,1
1,-90288.0,1
3,-48378.0,1
-2,164605.0,1
-3,49955.0,1
2,-63545.0,1
-5,85414.0,1
4,-22234.0,1
1,-27658.0,1
11,-1515.0,1
4,-1091.0,1
-2,81988.0,1
-1,37768.0,1
-3,244083.0,1
-1,45324.0,1
-5,103644.0,1
-2,102263.0,1
-4,147852.0,1
9,-7740.0,1
-4,87142.0,1
16,-99397.0,1
5,-50369.0,1
1,-54213.0,1
-4,60252.0,1
-4,62352.0,1
4,-55233.0,1
-4,108191.0,1
8,-82949.0,1
8,-32596.0,1
2,-60634.0,1
-2,172299.0,1
7,-3182.0,1
-2,99630.0,1
14,-33693.0,1
14,-77392.0,1
7,-1618.0,1
-2,149209.0,1
-1,48055.0,1
14,-55741.0,1
-2,256471.0,1
4,-40566.0,1
2,-41789.0,1
-2,149376.0,1
1,-48053.0,1
-3,45282.0,1
-4,39504.0,1
1,-39276.0,1
5,-41786.0,1
-4,46266.0,1
11,-96458.0,1
6,-42986.0,1
5,-32327.0,1
9,-88450.0,1
5,-25263.0,1
-1,84504.0,1
12,-40007.0,1
7,-14732.0,1
11,-37249.0,1
4,-6333.0,1
6,-88769.0,1
-1,80932.0,1
-2,72783.0,1
0,-66349.0,1
-4,91488.0,1
4,-48504.0,1
2,-97240.0,1
1,-48547.0,1
-1,77953.0,1
1,-70338.0,1
6,-66591.0,1
-5,88422.0,1
-1,91347.0,1
6,-64658.0,1
14,-71625.0,1
24,-3052.0,1
-5,52610.0,1
10,-10470.0,1
-5,41805.0,1
5,-74282.0,1
5,-7737.0,1
-4,99735.0,1
5,-39756.0,1
7,-32663.0,1
9,-21734.0,1
2,-86628.0,1
4,-61136.0,1
-1,85469.0,1
8,-74972.0,1
8,-48969.0,1
-5,42356.0,1
-4,234565.0,1
8,-39952.0,1
12,-30864.0,1
5,-17739.0,1
11,-85921.0,1
13,-79947.0,1
-3,43151.0,1
9,-55376.0,1
3,-58412.0,1
7,-29344.0,1
-4,61746.0,1
-2,98442.0,1
-4,56721.0,1
1,-7248.0,1
0,-40822.0,1
5,-99554.0,1
-4,157797.0,1
-4,53274.0,1
15,-62540.0,1
0,-42555.0,1
5,-23651.0,1
0,-58180.0,1
0,-3388.0,1
8,-9943.0,1
-4,71109.0,1
-3,88719.0,1
-1,146336.0,1
1,-956.0,1
-1,42869.0,1
2,-82097.0,1
3,-90349.0,1
1,-38990.0,1
21,-58964.0,1
-5,99312.0,1
8,-22258.0,1
3,-45006.0,1
5,-275.0,1
14,-90511.0,1
15,-62496.0,1
-4,56958.0,1
-1,85896.0,1
19,-42699.0,1
-5,228168.0,1
11,-73585.0,1
0,-87999.0,1
-3,52808.0,1
4,-28430.0,1
3,-77080.0,1
-5,47622.0,1
-2,54252.0,1
4,-42300.0,1
5,-14892.0,1
-1,85424.0,1
-1,62888.0,1
3,-34052.0,1
1,-11163.0,1
12,-24183.0,1
8,-83708.0,1
-2,86091.0,1
3,-4064.0,1
-1,40853.0,1
10,-91464.0,1
-1,42836.0,1
-5,92893.0,1
-2,125400.0,1
4,-42301.0,1
-1,90804.0,1
5,-30575.0,1
-4,64245.0,1
7,-69872.0,1
3,-23075.0,1
0,-7973.0,1
6,-72500.0,1
1,-38981.0,1
7,-93490.0,1
-4,56545.0,1
0,-93483.0,1
-5,145527.0,1
8,-6838.0,1
-2,50447.0,1
-1,90851.0,1
0,-93189.0,1
-5,80730.0,1
-1,39454.0,1
8,-76016.0,1
6,-76368.0,1
7,-36805.0,1
4,-35074.0,1
6,-23590.0,1
-4,149265.0,1
7,-47581.0,1
9,-73358.0,1
4,-46346.0,1
4,-15027.0,1
-4,72325.0,1
4,-10093.0,1
2,-96583.0,1
5,-53122.0,1
0,-32605.0,1
-4,90165.0,1
5,-48129.0,1
-1,93002.0,1
7,-43168.0,1
-3,99754.0,1
-3,82280.0,1
4,-2165.0,1
9,-37962.0,1
-5,50473.0,1
-3,44970.0,1
-4,99285.0,1
-2,98142.0,1
10,-67845.0,1
-3,106281.0,1
7,-59131.0,1
-5,42827.0,1
-1,105694.0,1
0,-11707.0,1
-3,79585.0,1
-2,129508.0,1
0,-43456.0,1
7,-67034.0,1
0,-65478.0,1
6,-24407.0,1
2,-17793.0,1
-1,57538.0,1
-4,83766.0,1
4,-10246.0,1
10,-85600.0,1
-4,94445.0,1
-1,62772.0,1
6,-29794.0,1
2,-3369.0,1
7,-16986.0,1
-3,61547.0,1
2,-78759.0,1
4,-42772.0,1
6,-599.0,1
-2,82459.0,1
13,-13725.0,1
-5,57235.0,1
-5,39815.0,1
1,-96670.0,1
-3,47647.0,1
1,-19126.0,1
-5,46532.0,1
9,-6139.0,1
8,-47329.0,1
4,-2900.0,1
7,-93650.0,1
-5,52814.0,1
1,-1059.0,1
-4,64798.0,1
-5,45888.0,1
8,-7098.0,1
3,-93456.0,1
3,-97158.0,1
7,-44006.0,1
-2,112105.0,1
22,-80785.0,1
4,-10558.0,1
-3,159950.0,1
-3,65852.0,1
6,-48855.0,1
3,-19732.0,1
-4,95804.0,1
-5,138669.0,1
-5,43983.0,1
6,-40.0,1
-1,87971.0,1
2,-1243.0,1
-4,110115.0,1
6,-56275.0,1
-3,50996.0,1
5,-50131.0,1
8,-49291.0,1
4,-44519.0,1
-4,160668.0,1
3,-2810.0,1
8,-66719.0,1
-2,42807.0,1
-5,40485.0,1
-5,94539.0,1
-2,165588.0,1
-4,101001.0,1
-2,127165.0,1
4,-22902.0,1
-4,49742.0,1
-1,84947.0,1
5,-97025.0,1
-3,58901.0,1
4,-66465.0,1
-3,130445.0,1
-4,52049.0,1
8,-99891.0,1
6,-98356.0,1
6,-79679.0,1
14,-11233.0,1
1,-6185.0,1
-4,52285.0,1
-4,135689.0,1
12,-2878.0,1
9,-88836.0,1
-4,40437.0,1
3,-56166.0,1
13,-77065.0,1
5,-53242.0,1
-1,88073.0,1
0,-64418.0,1
1,-88251.0,1
-5,47558.0,1
10,-93641.0,1
8,-44665.0,1
-2,53966.0,1
-3,92988.0,1
10,-67506.0,1
8,-26722.0,1
-3,46713.0,1
-4,60424.0,1
0,-95933.0,1
8,-53718.0,1
14,-85929.0,1
-2,40965.0,1
2,-87543.0,1
3,-18470.0,1
-4,102965.0,1
-4,232637.0,1
8,-88973.0,1
2,-88570.0,1
5,-25753.0,1
-3,119612.0,1
3,-63311.0,1
12,-28203.0,1
1,-58437.0,1
9,-15843.0,1
-3,48969.0,1
12,-78404.0,1
-2,212428.0,1
-1,160444.0,1
-2,247516.0,1
8,-3838.0,1
-2,56915.0,1
-4,115594.0,1
1,-19770.0,1
3,-73370.0,1
-3,224876.0,1
6,-51067.0,1
-1,145796.0,1
1,-19275.0,1
4,-75826.0,1
4,-93179.0,1
3,-9770.0,1
19,-5086.0,1
9,-54369.0,1
5,-4643.0,1
-2,101222.0,1
0,-56763.0,1
-3,143902.0,1
-5,99368.0,1
-2,104503.0,1
15,-19722.0,1
7,-30760.0,1
12,-84747.0,1
7,-66742.0,1
25,-24979.0,1
-2,103391.0,1
-2,96012.0,1
8,-77052.0,1
10,-54715.0,1
1,-78741.0,1
-1,143006.0,1
8,-66867.0,1
-4,75517.0,1
3,-53812.0,1
-2,233857.0,1
-4,112809.0,1
-4,67207.0,1
5,-61794.0,1
2,-63511.0,1
0,-71405.0,1
0,-38880.0,1
-3,109435.0,1
7,-24804.0,1
-4,87327.0,1
1,-90141.0,1
-2,44397.0,1
-5,100750.0,1
8,-11720.0,1
13,-76208.0,1
-2,47534.0,1
-4,57377.0,1
5,-83098.0,1
-1,146227.0,1
5,-83143.0,1
-5,86534.0,1
1,-97915.0,1
3,-56111.0,1
-2,92331.0,1
1,-26485.0,1
-3,136691.0,1
0,-68429.0,1
0,-80201.0,1
15,-92714.0,1
16,-95705.0,1
2,-14318.0,1
3,-25261.0,1
1,-816.0,1
-4,51141.0,1
3,-79869.0,1
14,-18492.0,1
1,-9021.0,1
-5,94832.0,1
-4,56974.0,1
-3,145671.0,1
-1,141997.0,1
10,-47792.0,1
-2,47309.0,1
-3,59906.0,1
11,-9698.0,1
-1,61717.0,1
-1,90416.0,1
4,-5347.0,1
-1,64439.0,1
6,-48099.0,1
8,-68595.0,1
-5,108929.0,1
-3,103274.0,1
-3,152327.0,1
-4,74962.0,1
-4,52098.0,1
11,-2108.0,1
1,-27207.0,1
-5,78390.0,1
-3,195098.0,1
-5,211097.0,1
4,-16353.0,1
4,-47481.0,1
-1,54873.0,1
11,-55804.0,1
-1,73415.0,1
2,-29273.0,1
-2,94036.0,1
3,-62637.0,1
4,-77115.0,1
6,-64833.0,1
8,-75558.0,1
14,-60624.0,1
-1,123527.0,1
-5,85512.0,1
-4,47476.0,1
-2,52471.0,1
3,-88609.0,1
12,-61389.0,1
0,-2969.0,1
7,-11691.0,1
-4,82416.0,1
7,-18086.0,1
-2,81026.0,1
5,-10847.0,1
5,-5518.0,1
5,-29728.0,1
1,-46681.0,1
-2,157007.0,1
-5,174262.0,1
10,-99061.0,1
-5,133262.0,1
-5,125933.0,1
5,-44144.0,1
0,-21293.0,1
3,-56654.0,1
-2,46406.0,1
-1,49346.0,1
-2,52122.0,1
2,-51472.0,1
-1,51187.0,1
-3,70709.0,1
7,-14248.0,1
0,-49234.0,1
4,-93188.0,1
8,-38626.0,1
-3,79104.0,1
9,-2938.0,1
-3,62662.0,1
1,-28656.0,1
4,-70170.0,1
10,-26043.0,1
3,-55506.0,1
2,-10689.0,1
-4,96740.0,1
1,-83163.0,1
-1,94519.0,1
-1,85814.0,1
1,-14191.0,1
8,-62764.0,1
9,-61025.0,1
-4,51175.0,1
-3,84381.0,1
8,-64861.0,1
-3,104412.0,1
2,-39899.0,1
2,-98933.0,1
-1,113961.0,1
-1,46772.0,1
-2,45851.0,1
-3,60233.0,1
7,-59048.0,1
-1,72833.0,1
-5,219743.0,1
-3,54164.0,1
-1,165252.0,1
-2,98475.0,1
-5,44760.0,1
4,-76201.0,1
-3,72841.0,1
-4,81640.0,1
7,-59043.0,1
-4,42119.0,1
-5,81976.0,1
2,-58639.0,1
2,-37130.0,1
4,-225.0,1
1,-4472.0,1
-1,49352.0,1
-4,85790.0,1
18,-83313.0,1
-5,90095.0,1
-2,48050.0,1
-3,55077.0,1
-4,98556.0,1
3,-93922.0,1
2,-93201.0,1
5,-61637.0,1
-1,95833.0,1
-2,115115.0,1
-3,69581.0,1
11,-21793.0,1
2,-81674.0,1
-3,104425.0,1
-3,100892.0,1
1,-88891.0,1
-3,52885.0,1
2,-55625.0,1
3,-79682.0,1
-1,58062.0,1
-5,227770.0,1
0,-37146.0,1
9,-98516.0,1
-2,163552.0,1
1,-91352.0,1
-1,115573.0,1
5,-59709.0,1
8,-79810.0,1
-2,81301.0,1
-4,80952.0,1
2,-53964.0,1
7,-95100.0,1
-2,130686.0,1
-4,59731.0,1
24,-2529.0,1
10,-90470.0,1
4,-17070.0,1
0,-34155.0,1
1,-18499.0,1
1,-71587.0,1
3,-87525.0,1
2,-85759.0,1
-1,85209.0,1
2,-78183.0,1
-4,97004.0,1
-4,103824.0,1
-1,98280.0,1
-1,99751.0,1
0,-40642.0,1
-4,162779.0,1
6,-17510.0,1
-4,46908.0,1
-2,159408.0,1
-4,93865.0,1
-1,75955.0,1
-5,50165.0,1
14,-22838.0,1
-3,123266.0,1
-2,220805.0,1
9,-43385.0,1
-2,151278.0,1
6,-99718.0,1
-3,68414.0,1
-1,51752.0,1
8,-79931.0,1
5,-82909.0,1
15,-8631.0,1
13,-93415.0,1
-3,98986.0,1
-2,52673.0,1
14,-25407.0,1
7,-16668.0,1
-5,96907.0,1
0,-61742.0,1
9,-42870.0,1
6,-18160.0,1
-2,45020.0,1
4,-98516.0,1
5,-52045.0,1
-3,41976.0,1
3,-38065.0,1
-1,49912.0,1
-1,77849.0,1
6,-22245.0,1
10,-60096.0,1
-2,45774.0,1
-2,59154.0,1
-5,154189.0,1
-2,49259.0,1
-2,100302.0,1
-5,101354.0,1
0,-45982.0,1
14,-42841.0,1
10,-46205.0,1
2,-94773.0,1
-3,73486.0,1
14,-26817.0,1
-1,139121.0,1
-5,138059.0,1
-2,102156.0,1
-1,161447.0,1
-5,91575.0,1
-4,46527.0,1
0,-49869.0,1
-4,127080.0,1
5,-45467.0,1
0,-89333.0,1
-5,106250.0,1
7,-59606.0,1
-5,47481.0,1
4,-18746.0,1
7,-88799.0,1
3,-59797.0,1
1,-88906.0,1
8,-83219.0,1
4,-36611.0,1
10,-21549.0,1
9,-63880.0,1
0,-14488.0,1
10,-19992.0,1
-3,52744.0,1
-4,81889.0,1
26,-70955.0,1
-4,143875.0,1
-3,78888.0,1
-3,48737.0,1
9,-85934.0,1
-5,49946.0,1
-4,44272.0,1
0,-3652.0,1
2,-2070.0,1
-1,85491.0,1
-5,98953.0,1
4,-49962.0,1
19,-25107.0,1
0,-75427.0,1
-2,95067.0,1
4,-36115.0,1
8,-43891.0,1
3,-97750.0,1
8,-9655.0,1
4,-3585.0,1
7,-490.0,1
-5,46791.0,1
2,-92291.0,1
-2,126314.0,1
8,-63629.0,1
1,-41552.0,1
-1,47931.0,1
1,-33632.0,1
11,-43732.0,1
10,-55226.0,1
-3,44080.0,1
14,-4240.0,1
9,-44974.0,1
3,-97215.0,1
-3,123474.0,1
8,-7510.0,1
6,-65638.0,1
7,-44843.0,1
-3,121838.0,1
-2,97569.0,1
9,-37032.0,1
7,-79512.0,1
4,-11981.0,1
5,-44648.0,1
-2,34991.0,1
7,-74105.0,1
-3,41733.0,1
-3,48860.0,1
-2,80682.0,1
10,-39999.0,1
15,-51009.0,1
0,-84542.0,1
-2,82136.0,1
5,-53078.0,1
10,-44850.0,1
2,-72233.0,1
-4,79219.0,1
-3,86724.0,1
12,-41215.0,1
1,-33063.0,1
-1,56048.0,1
6,-75668.0,1
1,-76361.0,1
8,-15034.0,1
25,-64892.0,1
-2,92772.0,1
7,-32661.0,1
0,-40354.0,1
1,-41184.0,1
3,-43935.0,1
-2,84313.0,1
-1,98898.0,1
-5,86970.0,1
2,-19375.0,1
-5,59989.0,1
1,-7476.0,1
1,-91524.0,1
-5,80534.0,1
0,-96640.0,1
-4,47610.0,1
2,-55480.0,1
3,-14727.0,1
16,-65571.0,1
8,-33751.0,1
-3,81033.0,1
4,-67031.0,1
2,-67726.0,1
-5,75602.0,1
7,-16574.0,1
-4,47148.0,1
0,-83582.0,1
-4,47894.0,1
12,-97059.0,1
7,-49746.0,1
-2,90537.0,1
-5,239468.0,1
-1,48517.0,1
11,-71461.0,1
-1,127339.0,1
8,-19876.0,1
11,-546.0,1
5,-91880.0,1
-3,49708.0,1
8,-62149.0,1
2,-31430.0,1
-1,47912.0,1
0,-40317.0,1
-5,73806.0,1
1,-42545.0,1
7,-11316.0,1
-2,74921.0,1
11,-440.0,1
-5,92201.0,1
-1,263260.0,1
-4,58366.0,1
-5,47248.0,1
-5,94993.0,1
12,-35321.0,1
-5,49648.0,1
2,-19274.0,1
2,-79313.0,1
9,-60589.0,1
-5,102711.0,1
-1,209182.0,1
3,-33251.0,1
7,-11860.0,1
5,-83028.0,1
-5,46023.0,1
7,-414.0,1
4,-11376.0,1
12,-92041.0,1
-3,63788.0,1
8,-9767.0,1
5,-46019.0,1
-4,84577.0,1
-1,51866.0,1
7,-57790.0,1
30,-76940.0,1
-1,53834.0,1
29,-10138.0,1
-4,87079.0,1
2,-46988.0,1
3,-4366.0,1
1,-37167.0,1
-5,79675.0,1
3,-43287.0,1
-5,65153.0,1
1,-20922.0,1
5,-5809.0,1
12,-51503.0,1
7,-63500.0,1
-5,84785.0,1
-4,93165.0,1
-5,101116.0,1
-5,130475.0,1
2,-70920.0,1
2,-77859.0,1
-2,45156.0,1
5,-77359.0,1
2,-10916.0,1
2,-90350.0,1
-5,155859.0,1
-3,127653.0,1
-5,97196.0,1
-4,61399.0,1
11,-40988.0,1
5,-51209.0,1
-3,136321.0,1
7,-10680.0,1
-1,92099.0,1
7,-11714.0,1
29,-97805.0,1
3,-83573.0,1
-3,46024.0,1
30,-64688.0,1
-1,188579.0,1
4,-67520.0,1
-1,153971.0,1
-3,62312.0,1
3,-46775.0,1
-4,78963.0,1
-1,60204.0,1
-1,60496.0,1
-3,148814.0,1
0,-32915.0,1
15,-48452.0,1
-1,93692.0,1
0,-68656.0,1
7,-84863.0,1
-3,52013.0,1
1,-14240.0,1
-5,76693.0,1
1,-66104.0,1
-5,164534.0,1
4,-35241.0,1
-5,204996.0,1
1,-23993.0,1
-4,55214.0,1
-2,52822.0,1
27,-5963.0,1
6,-71177.0,1
-5,48150.0,1
-1,49207.0,1
-4,87561.0,1
17,-89747.0,1
6,-45910.0,1
-5,75095.0,1
-4,94119.0,1
25,-2809.0,1
13,-20793.0,1
-2,157736.0,1
-1,60042.0,1
7,-82529.0,1
-2,45779.0,1
9,-64937.0,1
13,-81685.0,1
10,-45316.0,1
0,-59364.0,1
-3,79098.0,1
-2,41299.0,1
-5,100606.0,1
2,-50915.0,1
-3,83452.0,1
3,-10877.0,1
13,-22706.0,1
2,-20915.0,1
27,-2192.0,1
-5,48939.0,1
11,-57323.0,1
2,-2039.0,1
-4,52023.0,1
-3,129238.0,1
-1,83824.0,1
2,-41646.0,1
-3,125071.0,1
8,-28114.0,1
7,-30051.0,1
1,-69860.0,1
-1,89103.0,1
-3,96765.0,1
-1,86126.0,1
-2,46537.0,1
1,-57544.0,1
1,-35583.0,1
-2,85717.0,1
-4,103916.0,1
-2,85510.0,1
-3,71043.0,1
14,-14924.0,1
-3,47594.0,1
-2,43050.0,1
-2,58963.0,1
11,-89576.0,1
-4,51091.0,1
6,-18568.0,1
-1,56630.0,1
-1,50204.0,1
-1,82060.0,1
-1,85759.0,1
-4,74623.0,1
10,-50561.0,1
-1,55855.0,1
3,-70624.0,1
-4,65173.0,1
0,-67545.0,1
-5,102933.0,1
12,-35621.0,1
2,-40877.0,1
1,-56336.0,1
15,-79805.0,1
2,-19622.0,1
13,-26251.0,1
1,-66527.0,1
-1,89797.0,1
3,-16274.0,1
-4,86798.0,1
-4,115536.0,1
8,-9242.0,1
0,-71087.0,1
-3,48012.0,1
5,-18386.0,1
-2,86445.0,1
1,-88817.0,1
4,-23649.0,1
-5,86028.0,1
-4,83781.0,1
15,-38220.0,1
5,-77188.0,1
-5,81255.0,1
-2,81918.0,1
18,-97742.0,1
7,-34094.0,1
-4,42940.0,1
9,-85735.0,1
-2,136188.0,1
-3,81185.0,1
5,-65784.0,1
-3,34718.0,1
-4,78722.0,1
10,-60563.0,1
14,-16101.0,1
4,-35513.0,1
13,-44297.0,1
-3,126261.0,1
-3,43864.0,1
-2,92135.0,1
-2,250827.0,1
15,-88927.0,1
3,-19691.0,1
1,-58581.0,1
-3,42284.0,1
10,-3787.0,1
4,-29325.0,1
-2,44212.0,1
4,-32474.0,1
-5,54825.0,1
11,-83277.0,1
9,-64928.0,1
14,-72865.0,1
11,-94725.0,1
9,-11029.0,1
2,-92873.0,1
3,-54714.0,1
1,-27840.0,1
7,-17533.0,1
8,-49938.0,1
6,-55357.0,1
-5,138645.0,1
-5,58221.0,1
2,-32557.0,1
4,-38268.0,1
-3,100116.0,1
3,-27734.0,1
5,-3904.0,1
3,-21167.0,1
10,-78427.0,1
-2,55674.0,1
4,-65038.0,1
15,-17099.0,1
-4,125855.0,1
-3,219527.0,1
6,-29152.0,1
-2,47049.0,1
-1,132801.0,1
-3,42372.0,1
2,-83923.0,1
-5,55098.0,1
3,-3248.0,1
-2,87365.0,1
-5,90931.0,1
-2,82149.0,1
1,-32333.0,1
-4,149436.0,1
4,-78297.0,1
2,-68509.0,1
-5,52145.0,1
-4,45778.0,1
6,-79123.0,1
-3,81594.0,1
4,-18446.0,1
1,-13554.0,1
19,-73853.0,1
-1,51687.0,1
-3,139359.0,1
-5,60039.0,1
-5,77228.0,1
4,-93112.0,1
-1,75652.0,1
-4,42982.0,1
12,-66995.0,1
5,-59677.0,1
4,-73426.0,1
11,-29212.0,1
-2,91691.0,1
4,-88308.0,1
3,-74624.0,1
1,-61052.0,1
1,-19164.0,1
-5,116941.0,1
-1,40841.0,1
-2,94126.0,1
-3,116139.0,1
9,-27977.0,1
-1,42475.0,1
2,-86932.0,1
-2,72829.0,1
-2,54918.0,1
-2,60096.0,1
11,-22066.0,1
-2,145690.0,1
2,-84316.0,1
30,-53201.0,1
-1,209814.0,1
-1,134235.0,1
18,-57875.0,1
19,-46957.0,1
-4,147626.0,1
1,-13748.0,1
-1,73504.0,1
4,-98054.0,1
5,-66626.0,1
13,-53029.0,1
3,-15833.0,1
24,-54172.0,1
-1,83025.0,1
-5,151375.0,1
7,-34513.0,1
-1,44087.0,1
6,-81958.0,1
-4,150878.0,1
1,-35915.0,1
3,-31928.0,1
-4,52166.0,1
-4,50304.0,1
-5,49009.0,1
3,-99431.0,1
-2,57048.0,1
-4,43649.0,1
7,-25732.0,1
-1,70422.0,1
8,-66463.0,1
2,-33088.0,1
5,-67714.0,1
2,-87672.0,1
-1,53570.0,1
5,-86989.0,1
-2,79368.0,1
-1,106856.0,1
0,-19365.0,1
-5,86276.0,1
1,-92086.0,1
5,-16681.0,1
3,-23852.0,1
8,-75496.0,1
8,-14993.0,1
3,-45335.0,1
6,-44381.0,1
6,-56761.0,1
-4,53250.0,1
-4,45641.0,1
1,-15885.0,1
3,-68304.0,1
20,-35024.0,1
-5,133397.0,1
-4,94132.0,1
-1,130280.0,1
-5,60862.0,1
6,-39216.0,1
2,-29928.0,1
0,-30409.0,1
-2,105640.0,1
-4,55732.0,1
4,-65300.0,1
8,-40013.0,1
0,-21840.0,1
-1,201302.0,1
-4,78282.0,1
-4,175404.0,1
3,-1332.0,1
-3,131980.0,1
5,-26755.0,1
-2,137623.0,1
-4,140591.0,1
-1,46812.0,1
-4,53463.0,1
2,-84897.0,1
12,-80945.0,1
3,-66009.0,1
7,-12353.0,1
1,-5506.0,1
3,-70166.0,1
8,-29032.0,1
8,-46083.0,1
13,-90929.0,1
1,-39288.0,1
-2,89389.0,1
6,-40029.0,1
1,-34374.0,1
1,-90457.0,1
-5,105921.0,1
3,-84130.0,1
-3,40364.0,1
-4,57352.0,1
2,-82697.0,1
4,-95034.0,1
4,-55670.0,1
3,-59679.0,1
0,-63570.0,1
15,-29876.0,1
7,-48953.0,1
-2,79472.0,1
-5,58027.0,1
6,-50638.0,1
3,-73398.0,1
10,-8486.0,1
14,-57034.0,1
-5,89392.0,1
-2,47644.0,1
13,-312.0,1
11,-74563.0,1
-5,62343.0,1
-4,241336.0,1
8,-83818.0,1
-1,63848.0,1
10,-31832.0,1
3,-90300.0,1
8,-54625.0,1
-1,104889.0,1
-5,47230.0,1
-4,51466.0,1
-1,75966.0,1
-1,45572.0,1
-3,229569.0,1
-2,96730.0,1
-5,84975.0,1
4,-55616.0,1
-2,53849.0,1
-1,54434.0,1
1,-5121.0,1
-2,95400.0,1
9,-28189.0,1
3,-95613.0,1
-5,150811.0,1
-1,152544.0,1
-1,48848.0,1
11,-897.0,1
10,-75708.0,1
-4,240510.0,1
2,-54964.0,1
15,-48514.0,1
15,-49366.0,1
-4,145972.0,1
8,-87122.0,1
4,-26235.0,1
5,-5862.0,1
9,-291.0,1
-5,47242.0,1
6,-19077.0,1
-2,85893.0,1
15,-4242.0,1
12,-66076.0,1
4,-95652.0,1
6,-21834.0,1
2,-86346.0,1
-5,54941.0,1
0,-77047.0,1
-4,47543.0,1
2,-73178.0,1
-5,96840.0,1
1,-79650.0,1
7,-31997.0,1
-5,39315.0,1
-4,87126.0,1
-2,47212.0,1
-3,148261.0,1
1,-78138.0,1
6,-86503.0,1
-3,120627.0,1
-3,49321.0,1
3,-67157.0,1
5,-70724.0,1
-5,124807.0,1
5,-10707.0,1
-1,59165.0,1
-4,42576.0,1
-3,80737.0,1
10,-92285.0,1
13,-87925.0,1
5,-94342.0,1
2,-25794.0,1
-1,57953.0,1
2,-81476.0,1
2,-42974.0,1
10,-44917.0,1
-3,124308.0,1
4,-63307.0,1
12,-36357.0,1
-5,41016.0,1
-5,66286.0,1
8,-49936.0,1
13,-87536.0,1
-2,45856.0,1
7,-46005.0,1
-3,43792.0,1
-4,76714.0,1
-2,144826.0,1
-4,66844.0,1
-4,103307.0,1
0,-2622.0,1
-2,65759.0,1
5,-65888.0,1
9,-77842.0,1
4,-3718.0,1
-1,151544.0,1
3,-24499.0,1
5,-95724.0,1
-2,55461.0,1
-2,162156.0,1
-1,87006.0,1
-2,84422.0,1
-4,146710.0,1
-3,90151.0,1
5,-96665.0,1
-2,108092.0,1
-3,137534.0,1
-1,57307.0,1
14,-20810.0,1
2,-82825.0,1
15,-31283.0,1
-1,45315.0,1
6,-79899.0,1
3,-63727.0,1
-5,52828.0,1
1,-38482.0,1
3,-29589.0,1
-5,46788.0,1
0,-69675.0,1
-3,127097.0,1
3,-53764.0,1
-5,90984.0,1
-2,59430.0,1
-2,57798.0,1
28,-1500.0,1
-4,89236.0,1
1,-61696.0,1
2,-88755.0,1
5,-1937.0,1
-3,42227.0,1
-2,44358.0,1
13,-9760.0,1
-5,54381.0,1
-5,90186.0,1
-3,98500.0,1
2,-13576.0,1
-4,64413.0,1
-5,36900.0,1
-3,45915.0,1
-5,42502.0,1
-4,95209.0,1
3,-68182.0,1
1,-62376.0,1
-3,77633.0,1
10,-31972.0,1
-4,100470.0,1
-2,61783.0,1
-4,49956.0,1
5,-30242.0,1
-4,63578.0,1
3,-86104.0,1
-3,46244.0,1
9,-59339.0,1
2,-38936.0,1
4,-26349.0,1
10,-6431.0,1
-5,160609.0,1
25,-71200.0,1
-3,48257.0,1
13,-72503.0,1
-2,56499.0,1
-4,160210.0,1
-5,50729.0,1
3,-67251.0,1
0,-32718.0,1
5,-51476.0,1
7,-32047.0,1
7,-50962.0,1
8,-15643.0,1
3,-3196.0,1
15,-77907.0,1
7,-88029.0,1
14,-88015.0,1
1,-63076.0,1
3,-91959.0,1
-1,160162.0,1
8,-92040.0,1
-2,71657.0,1
-4,153188.0,1
21,-11346.0,1
2,-98709.0,1
-4,79176.0,1
-2,142144.0,1
12,-85433.0,1
-3,50998.0,1
-2,80171.0,1
-4,97878.0,1
-1,58521.0,1
-1,48402.0,1
-3,54937.0,1
4,-81748.0,1
0,-57706.0,1
1,-21053.0,1
14,-52819.0,1
1,-96898.0,1
7,-55006.0,1
-2,45746.0,1
-1,48172.0,1
3,-57497.0,1
3,-98005.0,1
0,-77811.0,1
4,-24891.0,1
0,-14130.0,1
-2,233508.0,1
6,-58082.0,1
8,-96415.0,1
12,-79605.0,1
15,-52813.0,1
1,-45833.0,1
-5,85906.0,1
4,-69670.0,1
12,-96444.0,1
-1,57844.0,1
14,-74394.0,1
1,-51924.0,1
-4,56567.0,1
2,-87474.0,1
-2,59776.0,1
-2,84961.0,1
3,-86206.0,1
-4,92317.0,1
2,-19985.0,1
-2,77651.0,1
23,-37588.0,1
-5,92526.0,1
2,-33026.0,1
-3,48865.0,1
21,-78220.0,1
-4,45753.0,1
7,-41941.0,1
-3,50707.0,1
3,-8369.0,1
3,-83189.0,1
7,-59710.0,1
3,-88715.0,1
4,-22443.0,1
-2,58725.0,1
-1,96264.0,1
11,-46042.0,1
-3,51067.0,1
-5,108054.0,1
-3,44453.0,1
-1,42813.0,1
1,-71474.0,1
4,-30474.0,1
-2,131018.0,1
-4,43731.0,1
8,-95907.0,1
-2,64737.0,1
4,-69744.0,1
9,-48708.0,1
-3,94890.0,1
3,-99358.0,1
-4,104111.0,1
28,-83941.0,1
-5,96994.0,1
-1,129856.0,1
3,-24168.0,1
0,-3252.0,1
11,-87802.0,1
-4,55345.0,1
1,-87304.0,1
-1,138115.0,1
-4,49010.0,1
-5,150566.0,1
6,-64295.0,1
3,-7950.0,1
-3,42165.0,1
5,-3352.0,1
15,-90306.0,1
-3,81238.0,1
0,-23921.0,1
7,-19589.0,1
-3,97921.0,1
-1,92459.0,1
0,-36988.0,1
7,-52506.0,1
-2,57309.0,1
5,-99754.0,1
5,-45653.0,1
2,-82872.0,1
3,-99334.0,1
6,-97357.0,1
1,-12772.0,1
-5,120856.0,1
-2,85104.0,1
-5,39508.0,1
1,-50652.0,1
-5,123360.0,1
8,-94740.0,1
10,-84264.0,1
29,-30638.0,1
-3,83403.0,1
-4,61122.0,1
-4,95133.0,1
-1,111213.0,1
5,-48552.0,1
4,-94668.0,1
-3,80567.0,1
1,-17713.0,1
6,-56582.0,1
9,-74319.0,1
7,-86737.0,1
-3,215607.0,1
-5,94522.0,1
-2,134858.0,1
1,-30472.0,1
-2,165038.0,1
15,-63074.0,1
-4,159049.0,1
-3,103681.0,1
-5,45413.0,1
-3,92062.0,1
2,-57025.0,1
23,-7923.0,1
1,-42082.0,1
14,-79910.0,1
-3,46112.0,1
-1,165588.0,1
7,-73140.0,1
-1,41996.0,1
1,-50186.0,1
-4,145520.0,1
19,-5841.0,1
-1,35043.0,1
14,-45115.0,1
8,-86977.0,1
-2,46799.0,1
-2,76900.0,1
-2,103052.0,1
25,-69334.0,1
-4,115005.0,1
4,-5950.0,1
-1,68799.0,1
8,-75217.0,1
3,-98870.0,1
-3,49840.0,1
5,-8299.0,1
-1,50326.0,1
3,-13082.0,1
-3,86129.0,1
3,-72223.0,1
-3,68846.0,1
1,-78181.0,1
-2,82040.0,1
6,-49855.0,1
1,-55735.0,1
7,-54119.0,1
4,-81854.0,1
-2,281344.0,1
0,-53719.0,1
5,-60206.0,1
-4,96823.0,1
2,-23768.0,1
-5,73117.0,1
-1,47783.0,1
7,-68660.0,1
6,-50412.0,1
2,-71176.0,1
4,-83004.0,1
7,-41106.0,1
15,-41283.0,1
-5,128052.0,1
-5,223892.0,1
-1,44220.0,1
6,-73579.0,1
-1,173719.0,1
3,-17120.0,1
3,-14967.0,1
12,-10660.0,1
7,-36547.0,1
4,-37037.0,1
8,-28311.0,1
8,-96871.0,1
9,-75779.0,1
-1,149920.0,1
3,-42448.0,1
-1,168396.0,1
2,-78138.0,1
-4,84220.0,1
-2,49370.0,1
-1,82557.0,1
2,-41743.0,1
3,-4958.0,1
1,-77689.0,1
0,-61686.0,1
2,-62895.0,1
10,-11070.0,1
5,-26848.0,1
15,-45536.0,1
-2,42558.0,1
-2,55937.0,1
-2,45866.0,1
-3,76039.0,1
6,-49226.0,1
-4,76286.0,1
7,-62226.0,1
-5,139955.0,1
-4,53877.0,1
-4,94153.0,1
-1,39140.0,1
5,-27067.0,1
3,-42362.0,1
2,-43697.0,1
18,-64873.0,1
-5,68035.0,1
13,-98469.0,1
4,-72414.0,1
24,-88273.0,1
2,-4672.0,1
3,-29061.0,1
3,-79761.0,1
2,-29692.0,1
-3,64244.0,1
11,-97271.0,1
-3,98685.0,1
4,-53749.0,1
1,-17161.0,1
8,-30056.0,1
7,-77768.0,1
2,-50583.0,1
0,-52509.0,1
-4,51807.0,1
3,-85297.0,1
1,-3083.0,1
0,-38923.0,1
-5,94881.0,1
1,-8782.0,1
-2,53534.0,1
2,-56196.0,1
14,-7023.0,1
-3,50823.0,1
-1,270899.0,1
-5,53544.0,1
9,-95416.0,1
8,-83044.0,1
-2,78372.0,1
22,-70395.0,1
0,-63913.0,1
-3,92966.0,1
-2,83732.0,1
-5,144550.0,1
-2,155047.0,1
-1,56335.0,1
0,-3822.0,1
-2,114435.0,1
-5,139288.0,1
-5,49421.0,1
-4,52336.0,1
4,-75772.0,1
-2,55156.0,1
-1,58556.0,1
0,-60627.0,1
7,-24187.0,1
-5,135691.0,1
-4,201090.0,1
-3,118768.0,1
6,-25221.0,1
-2,89805.0,1
-2,49976.0,1
-5,41924.0,1
-5,46706.0,1
-1,50163.0,1
-2,94602.0,1
-2,93237.0,1
-1,105513.0,1
25,-24682.0,1
6,-41980.0,1
-5,171896.0,1
8,-24759.0,1
-4,150779.0,1
3,-78923.0,1
-5,60902.0,1
6,-67477.0,1
16,-62665.0,1
2,-23467.0,1
5,-10934.0,1
-1,56558.0,1
3,-77932.0,1
0,-44257.0,1
2,-60304.0,1
20,-86722.0,1
1,-8418.0,1
-2,42863.0,1
13,-91818.0,1
-2,118617.0,1
-2,153381.0,1
-1,92307.0,1
2,-55839.0,1
3,-19458.0,1
14,-80395.0,1
-4,134546.0,1
-4,50897.0,1
-5,161600.0,1
-3,145139.0,1
5,-78064.0,1
0,-52733.0,1
1,-85097.0,1
6,-8271.0,1
6,-49040.0,1
15,-1332.0,1
-4,56388.0,1
21,-97133.0,1
15,-4949.0,1
11,-21965.0,1
1,-67912.0,1
5,-81148.0,1
-4,57072.0,1
1,-4407.0,1
1,-4850.0,1
-2,98598.0,1
0,-78663.0,1
-5,60548.0,1
0,-47041.0,1
1,-31646.0,1
6,-73039.0,1
-3,48558.0,1
-1,130934.0,1
0,-25480.0,1
-2,123380.0,1
8,-40944.0,1
-1,47899.0,1
3,-7083.0,1
14,-60158.0,1
-2,89603.0,1
9,-39535.0,1
6,-46506.0,1
6,-54842.0,1
1,-86449.0,1
0,-35936.0,1
8,-99630.0,1
0,-66971.0,1
-3,238394.0,1
-2,138216.0,1
-5,93272.0,1
-4,100623.0,1
15,-7204.0,1
0,-56943.0,1
28,-29519.0,1
3,-92945.0,1
-2,94199.0,1
8,-11869.0,1
5,-95680.0,1
7,-6728.0,1
4,-57560.0,1
-3,45090.0,1
4,-13442.0,1
-2,45010.0,1
15,-31673.0,1
12,-11214.0,1
14,-42484.0,1
-2,75792.0,1
5,-3518.0,1
-2,93452.0,1
5,-54272.0,1
13,-65163.0,1
0,-4042.0,1
10,-19370.0,1
7,-15468.0,1
-4,59858.0,1
3,-64558.0,1
3,-65626.0,1
3,-19921.0,1
5,-28149.0,1
23,-71071.0,1
12,-23269.0,1
-5,57394.0,1
8,-41931.0,1
12,-57674.0,1
1,-57032.0,1
18,-4086.0,1
7,-73599.0,1
-1,94794.0,1
0,-40518.0,1
0,-20640.0,1
-2,46554.0,1
14,-40254.0,1
-1,94126.0,1
0,-17317.0,1
-4,55659.0,1
13,-19586.0,1
-1,37416.0,1
23,-98153.0,1
6,-81666.0,1
8,-15089.0,1
1,-173.0,1
4,-97351.0,1
7,-71013.0,1
2,-97791.0,1
-3,60644.0,1
-5,55154.0,1
-1,98582.0,1
-3,73454.0,1
0,-11682.0,1
13,-96517.0,1
-1,51786.0,1
4,-55752.0,1
7,-30152.0,1
-1,98530.0,1
6,-49256.0,1
5,-27117.0,1
-1,59745.0,1
5,-57735.0,1
-3,45815.0,1
1,-87420.0,1
-2,146458.0,1
8,-8728.0,1
-1,60671.0,1
9,-62686.0,1
-4,61506.0,1
5,-2037.0,1
8,-54630.0,1
6,-52881.0,1
-5,146324.0,1
-5,68274.0,1
-2,45577.0,1
7,-96757.0,1
22,-44728.0,1
-1,72022.0,1
0,-1559.0,1
9,-43377.0,1
-5,90768.0,1
7,-9269.0,1
-4,261829.0,1
-5,146947.0,1
-4,194094.0,1
5,-48387.0,1
3,-38256.0,1
2,-64116.0,1
30,-5608.0,1
0,-41610.0,1
8,-50956.0,1
-3,131496.0,1
-5,97013.0,1
-1,46628.0,1
4,-73912.0,1
-1,54677.0,1
1,-13042.0,1
6,-35803.0,1
18,-32834.0,1
12,-2248.0,1
-5,42042.0,1
-2,60379.0,1
-2,153291.0,1
-3,59818.0,1
4,-50662.0,1
3,-79522.0,1
6,-99109.0,1
-2,90940.0,1
14,-77658.0,1
-2,83924.0,1
4,-11135.0,1
-4,82219.0,1
-3,75991.0,1
0,-20374.0,1
8,-77162.0,1
7,-98937.0,1
-1,79887.0,1
-1,104260.0,1
7,-26607.0,1
7,-7143.0,1
1,-16485.0,1
11,-55326.0,1
3,-8942.0,1
-1,244331.0,1
2,-9621.0,1
-4,73883.0,1
3,-13023.0,1
-5,169488.0,1
10,-22272.0,1
4,-92280.0,1
4,-21586.0,1
0,-3198.0,1
7,-307.0,1
12,-45551.0,1
4,-51535.0,1
7,-43313.0,1
0,-59927.0,1
-5,99067.0,1
10,-17190.0,1
-3,205940.0,1
-1,58031.0,1
-4,145987.0,1
-2,48004.0,1
0,-34186.0,1
-2,49464.0,1
4,-73649.0,1
-3,53232.0,1
-4,62950.0,1
-1,86607.0,1
5,-94820.0,1
1,-15242.0,1
-3,106074.0,1
-3,124906.0,1
-5,144188.0,1
3,-83089.0,1
-3,86566.0,1
3,-48997.0,1
6,-44117.0,1
-4,82326.0,1
-2,46880.0,1
-1,78483.0,1
3,-24447.0,1
6,-80931.0,1
-5,50370.0,1
3,-22868.0,1
-4,62170.0,1
0,-30302.0,1
8,-76.0,1
-4,88840.0,1
0,-58459.0,1
-2,234228.0,1
-3,147200.0,1
13,-79825.0,1
-1,97580.0,1
7,-29479.0,1
2,-11220.0,1
7,-51316.0,1
14,-50941.0,1
5,-67030.0,1
5,-8130.0,1
-1,46114.0,1
-4,90830.0,1
14,-69695.0,1
15,-34394.0,1
-2,80651.0,1
3,-63491.0,1
13,-91647.0,1
0,-67298.0,1
-2,169588.0,1
-4,53629.0,1
-5,48096.0,1
5,-42866.0,1
-4,252247.0,1
-1,67896.0,1
2,-69695.0,1
12,-61093.0,1
-3,72922.0,1
3,-92531.0,1
4,-76156.0,1
9,-79777.0,1
10,-99496.0,1
-3,55810.0,1
-1,98759.0,1
9,-88761.0,1
8,-87887.0,1
14,-19775.0,1
-3,58326.0,1
4,-32181.0,1
8,-96047.0,1
-3,43661.0,1
-5,220180.0,1
1,-43415.0,1
1,-50497.0,1
3,-89849.0,1
0,-74316.0,1
6,-91183.0,1
-2,53225.0,1
1,-51876.0,1
1,-41202.0,1
-4,80679.0,1
-5,128841.0,1
5,-89069.0,1
2,-95155.0,1
-2,52729.0,1
11,-19439.0,1
5,-48652.0,1
10,-31262.0,1
-2,208158.0,1
-1,85144.0,1
7,-3108.0,1
4,-86123.0,1
-5,93937.0,1
26,-77346.0,1
14,-23261.0,1
-5,157614.0,1
2,-38251.0,1
-2,80810.0,1
3,-36904.0,1
30,-22770.0,1
7,-23418.0,1
-2,156869.0,1
15,-39442.0,1
14,-3960.0,1
-3,90944.0,1
5,-11293.0,1
7,-42387.0,1
2,-74794.0,1
8,-86202.0,1
0,-47668.0,1
-5,47192.0,1
3,-88559.0,1
-5,90818.0,1
-4,98887.0,1
8,-98897.0,1
0,-9033.0,1
-5,246966.0,1
-1,58171.0,1
-2,49783.0,1
-3,115470.0,1
0,-2843.0,1
12,-48702.0,1
-2,82536.0,1
3,-84035.0,1
-3,51910.0,1
8,-66856.0,1
-2,57574.0,1
10,-267.0,1
-1,96149.0,1
7,-97767.0,1
7,-31194.0,1
17,-79224.0,1
8,-21292.0,1
-5,86858.0,1
-3,55338.0,1
-2,96116.0,1
3,-16221.0,1
-5,45996.0,1
-2,102155.0,1
-5,51858.0,1
-5,137678.0,1
-1,58294.0,1
3,-64464.0,1
-3,56203.0,1
-3,80234.0,1
7,-58116.0,1
7,-1958.0,1
-2,86807.0,1
0,-78677.0,1
6,-82306.0,1
1,-18406.0,1
1,-34796.0,1
-4,49702.0,1
-1,74185.0,1
-5,117338.0,1
15,-7807.0,1
-4,77899.0,1
6,-74524.0,1
8,-46581.0,1
-3,102786.0,1
8,-68179.0,1
-4,60659.0,1
-4,209437.0,1
0,-55577.0,1
-3,46976.0,1
0,-5730.0,1
-2,86831.0,1
14,-55404.0,1
-1,96347.0,1
2,-86762.0,1
0,-56287.0,1
5,-4374.0,1
3,-94253.0,1
-2,82404.0,1
15,-4442.0,1
-1,44210.0,1
0,-83740.0,1
-3,72229.0,1
0,-4776.0,1
8,-78785.0,1
1,-84758.0,1
8,-45164.0,1
-5,47546.0,1
-4,40364.0,1
-3,49634.0,1
4,-76864.0,1
-2,87773.0,1
4,-34478.0,1
15,-22747.0,1
0,-59202.0,1
-3,56849.0,1
-5,249733.0,1
-2,90363.0,1
6,-32096.0,1
10,-95236.0,1
-5,57353.0,1
2,-34030.0,1
4,-9180.0,1
-5,105407.0,1
13,-94008.0,1
2,-90032.0,1
-2,78418.0,1
11,-57575.0,1
-2,81077.0,1
-2,79986.0,1
-1,126412.0,1
2,-64362.0,1
8,-67475.0,1
-5,41256.0,1
-5,96972.0,1
-5,80138.0,1
-4,46373.0,1
1,-31435.0,1
-3,251247.0,1
6,-97671.0,1
-1,51197.0,1
2,-25935.0,1
-3,112262.0,1
0,-1250.0,1
-5,95803.0,1
-2,77424.0,1
-2,51254.0,1
6,-41694.0,1
12,-62949.0,1
-5,87931.0,1
8,-5742.0,1
0,-65157.0,1
-3,89423.0,1
1,-28335.0,1
1,-92932.0,1
-1,196668.0,1
4,-7459.0,1
12,-25458.0,1
29,-7494.0,1
3,-18387.0,1
7,-46877.0,1
4,-35503.0,1
15,-69543.0,1
0,-47195.0,1
2,-40574.0,1
14,-24676.0,1
-3,48880.0,1
3,-38974.0,1
-1,143850.0,1
0,-49669.0,1
-5,57256.0,1
-2,89174.0,1
1,-28708.0,1
3,-21192.0,1
6,-30252.0,1
1,-1906.0,1
20,-53163.0,1
12,-68233.0,1
-5,48120.0,1
-4,121368.0,1
4,-6619.0,1
-5,129409.0,1
-3,46943.0,1
5,-65032.0,1
-2,52962.0,1
13,-69096.0,1
22,-22132.0,1
8,-86722.0,1
-4,202283.0,1
1,-10558.0,1
-2,163037.0,1
4,-52096.0,1
-5,141516.0,1
2,-4934.0,1
-5,97177.0,1
3,-60025.0,1
5,-17722.0,1
10,-23229.0,1
0,-77369.0,1
-3,140441.0,1
-4,72531.0,1
5,-13304.0,1
20,-69710.0,1
-2,43819.0,1
-2,86488.0,1
11,-43140.0,1
6,-36558.0,1
3,-2222.0,1
8,-99561.0,1
2,-89434.0,1
-2,90648.0,1
5,-421.0,1
-5,93071.0,1
-4,54681.0,1
-2,101712.0,1
14,-63535.0,1
-5,100350.0,1
0,-38637.0,1
-2,71540.0,1
-2,76522.0,1
-4,48578.0,1
3,-13871.0,1
-4,76132.0,1
-5,40231.0,1
12,-86627.0,1
-2,98025.0,1
-1,143908.0,1
4,-86951.0,1
-5,44216.0,1
6,-55430.0,1
2,-75095.0,1
1,-5860.0,1
-1,76035.0,1
9,-6694.0,1
5,-80210.0,1
6,-9476.0,1
21,-19523.0,1
2,-70738.0,1
-3,237626.0,1
4,-57169.0,1
1,-31658.0,1
-2,89082.0,1
-3,78987.0,1
-4,39786.0,1
22,-69026.0,1
-5,105680.0,1
5,-95969.0,1
14,-10011.0,1
7,-62811.0,1
7,-53339.0,1
1,-56795.0,1
14,-89782.0,1
-4,80229.0,1
-2,106697.0,1
0,-4590.0,1
15,-20231.0,1
1,-41617.0,1
13,-6927.0,1
20,-67133.0,1
-1,93814.0,1
5,-33853.0,1
8,-51007.0,1
-4,52377.0,1
-4,79149.0,1
-2,95467.0,1
-4,61773.0,1
-5,181102.0,1
1,-18031.0,1
3,-99499.0,1
2,-25511.0,1
-3,52150.0,1
3,-44487.0,1
-4,47891.0,1
9,-41472.0,1
-5,77387.0,1
15,-84532.0,1
3,-58135.0,1
-2,85977.0,1
8,-36800.0,1
-1,40948.0,1
0,-39422.0,1
-5,107086.0,1
5,-79168.0,1
-1,47602.0,1
1,-6818.0,1
-3,50451.0,1
26,-4226.0,1
0,-50191.0,1
2,-38052.0,1
4,-43752.0,1
-3,46580.0,1
-5,68760.0,1
-4,56953.0,1
-4,126410.0,1
-2,105751.0,1
-5,85200.0,1
15,-99932.0,1
-1,47370.0,1
0,-26401.0,1
-1,99129.0,1
-5,45858.0,1
10,-99525.0,1
13,-96290.0,1
-4,91594.0,1
9,-97969.0,1
5,-86263.0,1
1,-22770.0,1
-5,80657.0,1
1,-36578.0,1
2,-4152.0,1
6,-99666.0,1
2,-4059.0,1
8,-16798.0,1
9,-50493.0,1
-3,155986.0,1
-3,85788.0,1
7,-50620.0,1
-2,53728.0,1
-2,104172.0,1
11,-49893.0,1
23,-67442.0,1
3,-41056.0,1
6,-67933.0,1
17,-2591.0,1
1,-33861.0,1
9,-87997.0,1
5,-35679.0,1
1,-12600.0,1
2,-58983.0,1
0,-95597.0,1
-2,47480.0,1
3,-1782.0,1
5,-24296.0,1
3,-79304.0,1
-4,170426.0,1
15,-26737.0,1
6,-90343.0,1
-3,114142.0,1
-3,57232.0,1
11,-77924.0,1
5,-5267.0,1
2,-85335.0,1
4,-44686.0,1
-4,149544.0,1
6,-48688.0,1
1,-11001.0,1
-2,45934.0,1
-5,79859.0,1
0,-2307.0,1
-5,43688.0,1
1,-19669.0,1
-2,141670.0,1
0,-40390.0,1
5,-96008.0,1
3,-54196.0,1
9,-93694.0,1
5,-86213.0,1
3,-72867.0,1
21,-42096.0,1
11,-69457.0,1
23,-61402.0,1
2,-83008.0,1
-4,46531.0,1
27,-92091.0,1
-3,94470.0,1
3,-82435.0,1
-3,46113.0,1
-3,63208.0,1
-1,38292.0,1
4,-92580.0,1
-5,38107.0,1
-5,43095.0,1
-4,82780.0,1
3,-18591.0,1
-5,80327.0,1
-2,91998.0,1
-1,149309.0,1
3,-86125.0,1
-4,86991.0,1
-3,94090.0,1
-3,47691.0,1
-5,50725.0,1
-5,53256.0,1
8,-30466.0,1
4,-5945.0,1
6,-29146.0,1
-3,170500.0,1
-4,39945.0,1
-5,89612.0,1
-3,90227.0,1
-3,80746.0,1
-4,172217.0,1
8,-81899.0,1
2,-46826.0,1
-5,125127.0,1
-5,53506.0,1
3,-36620.0,1
-4,80827.0,1
2,-7059.0,1
7,-97379.0,1
-3,99825.0,1
4,-30788.0,1
5,-77973.0,1
26,-93234.0,1
8,-96251.0,1
-3,69325.0,1
-5,75146.0,1
5,-92626.0,1
6,-2032.0,1
15,-53539.0,1
3,-98592.0,1
3,-75551.0,1
-5,154677.0,1
-1,85130.0,1
-4,83386.0,1
-3,80140.0,1
4,-21565.0,1
9,-30460.0,1
24,-82969.0,1
-5,129495.0,1
-5,84953.0,1
5,-36308.0,1
-4,105203.0,1
3,-58038.0,1
4,-75574.0,1
3,-92334.0,1
-5,137010.0,1
3,-49181.0,1
-3,87252.0,1
5,-26836.0,1
-2,66010.0,1
1,-40696.0,1
8,-68715.0,1
7,-62955.0,1
-2,77168.0,1
-1,145239.0,1
1,-62377.0,1
-1,79031.0,1
-2,76016.0,1
-2,156941.0,1
5,-3158.0,1
-1,47186.0,1
-1,45222.0,1
-3,168894.0,1
8,-73551.0,1
11,-6734.0,1
0,-25473.0,1
-5,60815.0,1
-1,84639.0,1
7,-22465.0,1
2,-63133.0,1
18,-13912.0,1
2,-25085.0,1
-4,87879.0,1
6,-47196.0,1
9,-34339.0,1
-3,75263.0,1
5,-82491.0,1
5,-47365.0,1
0,-3001.0,1
-1,127779.0,1
3,-99369.0,1
14,-66694.0,1
-4,139436.0,1
-1,37740.0,1
10,-86760.0,1
-3,142748.0,1
5,-61282.0,1
8,-99118.0,1
-2,159044.0,1
4,-41459.0,1
-2,136381.0,1
3,-12851.0,1
2,-48424.0,1
2,-24149.0,1
11,-46950.0,1
13,-93231.0,1
7,-3541.0,1
8,-5360.0,1
-4,55155.0,1
-4,92662.0,1
5,-37245.0,1
7,-32914.0,1
5,-42240.0,1
5,-90207.0,1
7,-46757.0,1
2,-36857.0,1
2,-3745.0,1
-4,98376.0,1
7,-71672.0,1
-3,51068.0,1
2,-2912.0,1
-3,63301.0,1
1,-30851.0,1
3,-18496.0,1
2,-45716.0,1
4,-27653.0,1
8,-29630.0,1
-3,72038.0,1
-4,87606.0,1
8,-9723.0,1
5,-90552.0,1
2,-51149.0,1
7,-76623.0,1
2,-44877.0,1
-3,84392.0,1
9,-38532.0,1
13,-89907.0,1
0,-7.0,1
2,-15438.0,1
-4,103406.0,1
-4,276943.0,1
8,-83608.0,1
29,-48393.0,1
6,-16716.0,1
-4,119337.0,1
11,-12370.0,1
-4,108570.0,1
1,-54264.0,1
-1,132328.0,1
10,-26808.0,1
-4,52140.0,1
5,-73771.0,1
-2,86631.0,1
2,-42094.0,1
7,-21705.0,1
7,-87656.0,1
-2,91376.0,1
-3,95398.0,1
6,-96822.0,1
-5,51610.0,1
0,-61972.0,1
-4,60996.0,1
-3,116025.0,1
23,-71432.0,1
8,-42294.0,1
10,-72602.0,1
6,-12085.0,1
6,-84773.0,1
8,-85801.0,1
14,-33130.0,1
6,-96813.0,1
-1,56886.0,1
13,-31359.0,1
3,-6305.0,1
14,-79806.0,1
3,-44796.0,1
0,-58901.0,1
10,-85215.0,1
-4,102766.0,1
-1,64844.0,1
1,-49126.0,1
19,-73195.0,1
7,-61290.0,1
-2,50024.0,1
-1,68771.0,1
5,-5328.0,1
0,-17438.0,1
-4,163433.0,1
4,-59234.0,1
0,-91747.0,1
3,-72278.0,1
0,-39612.0,1
-4,90708.0,1
6,-77086.0,1
-1,152950.0,1
7,-41076.0,1
14,-97136.0,1
-2,121906.0,1
15,-28768.0,1
4,-68381.0,1
-1,61784.0,1
15,-40222.0,1
-3,92229.0,1
-1,46332.0,1
5,-26306.0,1
-3,49773.0,1
1,-34292.0,1
8,-56685.0,1
-4,136543.0,1
1,-84824.0,1
-1,64134.0,1
-4,91967.0,1
-4,59421.0,1
0,-57865.0,1
3,-39520.0,1
0,-58250.0,1
1,-4216.0,1
4,-63144.0,1
-4,47713.0,1
-5,68697.0,1
9,-48328.0,1
-5,79067.0,1
7,-10410.0,1
-3,90882.0,1
15,-43781.0,1
9,-90982.0,1
7,-91753.0,1
2,-38166.0,1
3,-15982.0,1
7,-15929.0,1
-2,84079.0,1
-3,97945.0,1
2,-84028.0,1
2,-19949.0,1
2,-52811.0,1
-3,50051.0,1
-5,83089.0,1
0,-78171.0,1
7,-93602.0,1
7,-7327.0,1
-3,35664.0,1
6,-41474.0,1
11,-37962.0,1
-3,64813.0,1
-1,180166.0,1
6,-50909.0,1
18,-65910.0,1
9,-38479.0,1
2,-9171.0,1
2,-19971.0,1
5,-40747.0,1
-5,42534.0,1
-4,253392.0,1
8,-96411.0,1
0,-5869.0,1
6,-93823.0,1
-2,58641.0,1
6,-77547.0,1
-1,85336.0,1
-5,71324.0,1
-4,55977.0,1
3,-14149.0,1
-2,160239.0,1
2,-55699.0,1
3,-39914.0,1
3,-29900.0,1
-3,45795.0,1
-4,83405.0,1
0,-31148.0,1
-4,88809.0,1
7,-97138.0,1
-2,48920.0,1
4,-23250.0,1
7,-41626.0,1
-1,61391.0,1
-5,88466.0,1
1,-88334.0,1
6,-38166.0,1
2,-21734.0,1
10,-46381.0,1
8,-52972.0,1
9,-34845.0,1
11,-208.0,1
-1,67056.0,1
11,-44305.0,1
-2,148978.0,1
11,-50326.0,1
15,-60313.0,1
-2,53085.0,1
-3,123722.0,1
-1,35241.0,1
-4,49130.0,1
6,-23269.0,1
-2,42434.0,1
-4,155881.0,1
10,-79525.0,1
-5,49089.0,1
6,-71014.0,1
6,-56907.0,1
-5,55601.0,1
15,-86017.0,1
-5,77574.0,1
-1,47897.0,1
-2,45131.0,1
10,-14681.0,1
-3,56709.0,1
-3,43887.0,1
0,-27987.0,1
8,-94507.0,1
-2,59703.0,1
-3,172983.0,1
6,-75122.0,1
0,-57026.0,1
6,-61188.0,1
4,-20273.0,1
1,-70976.0,1
8,-88092.0,1
13,-74297.0,1
0,-88525.0,1
1,-67723.0,1
4,-73739.0,1
2,-88467.0,1
30,-66082.0,1
2,-92288.0,1
15,-55248.0,1
11,-10710.0,1
12,-73073.0,1
-5,148126.0,1
-3,51665.0,1
12,-87004.0,1
-5,84476.0,1
0,-76907.0,1
-3,51482.0,1
6,-92205.0,1
-4,80048.0,1
-3,87332.0,1
12,-44300.0,1
-5,46336.0,1
-3,120887.0,1
2,-61807.0,1
-1,88665.0,1
12,-63081.0,1
-5,56048.0,1
6,-92049.0,1
2,-77304.0,1
-2,85337.0,1
-5,151695.0,1
16,-45954.0,1
9,-47860.0,1
24,-30718.0,1
6,-61286.0,1
-4,86897.0,1
14,-18217.0,1
3,-25276.0,1
-4,52332.0,1
5,-76088.0,1
0,-79535.0,1
-3,99060.0,1
-1,222276.0,1
-5,37024.0,1
6,-20826.0,1
-2,44627.0,1
-5,81166.0,1
4,-33885.0,1
-3,52040.0,1
3,-50095.0,1
8,-73415.0,1
-1,53617.0,1
10,-33486.0,1
15,-11509.0,1
3,-72352.0,1
-2,230868.0,1
-4,131436.0,1
4,-31196.0,1
-4,96328.0,1
6,-76715.0,1
15,-92215.0,1
11,-21591.0,1
-1,76803.0,1
1,-3832.0,1
-1,89483.0,1
-5,86226.0,1
6,-57624.0,1
-4,54919.0,1
3,-23260.0,1
13,-38125.0,1
3,-49146.0,1
-3,90680.0,1
-2,42768.0,1
4,-28085.0,1
13,-90155.0,1
0,-86416.0,1
0,-26644.0,1
-4,93419.0,1
-3,85009.0,1
-3,55919.0,1
4,-65628.0,1
0,-70776.0,1
-1,87246.0,1
0,-47721.0,1
3,-79286.0,1
-4,55391.0,1
15,-21319.0,1
-4,50778.0,1
-5,47320.0,1
13,-25817.0,1
5,-16200.0,1
7,-43021.0,1
1,-5867.0,1
4,-99569.0,1
1,-61015.0,1
12,-60447.0,1
15,-87490.0,1
6,-32752.0,1
-2,226601.0,1
-1,55932.0,1
-1,51442.0,1
1,-66586.0,1
-2,172681.0,1
-4,61109.0,1
4,-86894.0,1
-5,50677.0,1
-1,127566.0,1
-3,41641.0,1
-1,48298.0,1
-1,142482.0,1
-1,86773.0,1
2,-10390.0,1
2,-15332.0,1
-4,75701.0,1
4,-9443.0,1
-2,55924.0,1
-2,47119.0,1
6,-24392.0,1
-3,44098.0,1
0,-68333.0,1
-2,67714.0,1
2,-87175.0,1
0,-38908.0,1
6,-39993.0,1
-2,89187.0,1
23,-63373.0,1
1,-30364.0,1
1,-47572.0,1
0,-48962.0,1
4,-70508.0,1
2,-27558.0,1
28,-78323.0,1
24,-72701.0,1
-1,43959.0,1
6,-72489.0,1
5,-92736.0,1
3,-39911.0,1
-2,62849.0,1
4,-19586.0,1
-5,142071.0,1
2,-24060.0,1
-5,132147.0,1
-5,144082.0,1
13,-57916.0,1
4,-57889.0,1
-5,51739.0,1
-4,45997.0,1
25,-39991.0,1
3,-58726.0,1
-3,86308.0,1
-5,90232.0,1
3,-26050.0,1
-1,146301.0,1
-5,53806.0,1
5,-28431.0,1
-3,45046.0,1
-1,97064.0,1
4,-67954.0,1
8,-98361.0,1
0,-51815.0,1
7,-9502.0,1
-1,49853.0,1
-4,88887.0,1
0,-3147.0,1
-1,96294.0,1
-2,94241.0,1
-2,69013.0,1
-4,54620.0,1
2,-63695.0,1
15,-57137.0,1
9,-49697.0,1
-3,138607.0,1
0,-47606.0,1
7,-41008.0,1
3,-47334.0,1
0,-1015.0,1
12,-99881.0,1
4,-51443.0,1
-1,50094.0,1
1,-11455.0,1
-4,82228.0,1
7,-42271.0,1
-1,68315.0,1
2,-90648.0,1
-5,145460.0,1
2,-68921.0,1
5,-94620.0,1
-3,168376.0,1
5,-74289.0,1
-2,68892.0,1
-4,84105.0,1
11,-57863.0,1
7,-43509.0,1
5,-26868.0,1
2,-49334.0,1
-5,143003.0,1
8,-72781.0,1
5,-36591.0,1
1,-88801.0,1
-2,79194.0,1
-1,143069.0,1
-1,73626.0,1
-5,52320.0,1
12,-95310.0,1
3,-98509.0,1
3,-36196.0,1
1,-36145.0,1
-4,147317.0,1
-5,104042.0,1
-4,57207.0,1
-2,60452.0,1
15,-34113.0,1
0,-51867.0,1
1,-71962.0,1
6,-46283.0,1
1,-97091.0,1
3,-80518.0,1
5,-14051.0,1
1,-47147.0,1
-3,86340.0,1
1,-28417.0,1
1,-76899.0,1
3,-82239.0,1
-5,125167.0,1
0,-45349.0,1
6,-2941.0,1
11,-49617.0,1
-5,45205.0,1
-2,52915.0,1
8,-75229.0,1
8,-92683.0,1
3,-86678.0,1
9,-43531.0,1
18,-90896.0,1
-1,151676.0,1
-5,140861.0,1
2,-97101.0,1
-2,130452.0,1
-2,59878.0,1
-3,50698.0,1
-2,43373.0,1
4,-45305.0,1
-4,136911.0,1
-5,76678.0,1
7,-43740.0,1
-5,96118.0,1
-4,94956.0,1
-5,59216.0,1
3,-14940.0,1
-2,111538.0,1
0,-63795.0,1
5,-9793.0,1
14,-30734.0,1
11,-94960.0,1
-3,95164.0,1
13,-98012.0,1
-5,181361.0,1
-2,62425.0,1
-3,96781.0,1
1,-64070.0,1
1,-32149.0,1
-4,144089.0,1
13,-29121.0,1
-4,63445.0,1
2,-96549.0,1
4,-36092.0,1
8,-44157.0,1
6,-812.0,1
6,-42883.0,1
-4,162136.0,1
2,-88799.0,1
0,-99391.0,1
-5,53357.0,1
1,-60268.0,1
-2,57195.0,1
0,-46194.0,1
6,-49524.0,1
-5,43237.0,1
-1,80168.0,1
4,-98577.0,1
3,-18356.0,1
7,-72329.0,1
3,-40124.0,1
7,-11245.0,1
-5,151626.0,1
-5,156385.0,1
3,-88751.0,1
-1,87219.0,1
5,-60782.0,1
4,-46797.0,1
-2,46153.0,1
5,-866.0,1
1,-98667.0,1
7,-7432.0,1
-3,155296.0,1
7,-68716.0,1
-2,267478.0,1
-2,101776.0,1
1,-29085.0,1
-1,58534.0,1
-4,45743.0,1
14,-80149.0,1
-1,59888.0,1
-5,42457.0,1
-5,155069.0,1
6,-47980.0,1
0,-67647.0,1
-5,76639.0,1
2,-10222.0,1
3,-74676.0,1
-2,136968.0,1
12,-92009.0,1
17,-62743.0,1
-4,49874.0,1
-5,89490.0,1
-3,139415.0,1
-1,90204.0,1
-1,143524.0,1
6,-68442.0,1
0,-40559.0,1
2,-37035.0,1
-5,91873.0,1
1,-1536.0,1
8,-74160.0,1
-3,49675.0,1
3,-4299.0,1
3,-55406.0,1
2,-43964.0,1
-2,60208.0,1
2,-10008.0,1
6,-42189.0,1
3,-8244.0,1
-2,39222.0,1
1,-10239.0,1
13,-85197.0,1
5,-1359.0,1
0,-63167.0,1
-1,48281.0,1
1,-58542.0,1
-3,183081.0,1
15,-86994.0,1
2,-7561.0,1
-4,48545.0,1
5,-62307.0,1
-5,82667.0,1
-4,46084.0,1
6,-54425.0,1
3,-97091.0,1
-1,132358.0,1
-2,53514.0,1
6,-18183.0,1
5,-55521.0,1
-4,48606.0,1
-5,155031.0,1
3,-55291.0,1
-1,78800.0,1
-1,97212.0,1
-2,140932.0,1
-3,142460.0,1
-2,42501.0,1
-2,63834.0,1
-1,42685.0,1
-5,85175.0,1
7,-60116.0,1
-5,232240.0,1
-3,119219.0,1
-4,159112.0,1
-3,64538.0,1
-1,59587.0,1
1,-34110.0,1
-1,77101.0,1
-1,85574.0,1
5,-72946.0,1
15,-23029.0,1
-5,69992.0,1
3,-69609.0,1
0,-96702.0,1
0,-12594.0,1
0,-75605.0,1
8,-19366.0,1
-5,55576.0,1
4,-98765.0,1
9,-70894.0,1
2,-62111.0,1
4,-23051.0,1
1,-48355.0,1
1,-66992.0,1
-4,39035.0,1
-4,56894.0,1
6,-65701.0,1
30,-5377.0,1
4,-63835.0,1
-1,267088.0,1
8,-40830.0,1
-4,53072.0,1
-3,76277.0,1
10,-15132.0,1
-4,60518.0,1
2,-13999.0,1
8,-15457.0,1
13,-44839.0,1
-1,47689.0,1
1,-33945.0,1
-3,58847.0,1
-5,56164.0,1
-4,58488.0,1
0,-11680.0,1
-4,49094.0,1
-3,197825.0,1
-1,48815.0,1
-4,146735.0,1
4,-599.0,1
6,-75206.0,1
15,-11895.0,1
-1,77053.0,1
4,-68773.0,1
4,-91274.0,1
3,-62929.0,1
3,-57514.0,1
15,-24029.0,1
4,-40573.0,1
-3,97366.0,1
8,-84644.0,1
1,-97403.0,1
6,-9019.0,1
0,-8953.0,1
15,-62126.0,1
14,-90004.0,1
-3,95219.0,1
20,-23395.0,1
-3,163259.0,1
8,-33541.0,1
10,-82169.0,1
15,-34675.0,1
1,-99583.0,1
-1,152968.0,1
-5,54452.0,1
14,-33468.0,1
7,-43608.0,1
4,-31026.0,1
3,-80813.0,1
1,-84853.0,1
3,-51263.0,1
11,-23791.0,1
19,-13613.0,1
7,-77743.0,1
5,-35443.0,1
12,-22342.0,1
5,-7149.0,1
-5,53424.0,1
-5,138999.0,1
8,-98169.0,1
4,-65753.0,1
4,-18029.0,1
1,-22155.0,1
-1,61109.0,1
5,-2445.0,1
-2,85234.0,1
-1,134177.0,1
2,-6590.0,1
-5,98171.0,1
5,-39718.0,1
8,-73825.0,1
4,-91613.0,1
7,-46951.0,1
15,-53114.0,1
12,-86172.0,1
9,-1151.0,1
-3,79018.0,1
2,-20163.0,1
5,-54456.0,1
13,-6198.0,1
3,-43084.0,1
-4,96553.0,1
2,-86886.0,1
0,-42974.0,1
2,-39773.0,1
-5,134831.0,1
-5,40921.0,1
2,-38311.0,1
7,-47198.0,1
-3,46012.0,1
-5,55839.0,1
4,-82603.0,1
8,-89077.0,1
3,-40706.0,1
2,-52370.0,1
3,-3418.0,1
10,-1130.0,1
23,-12904.0,1
0,-99900.0,1
-4,148361.0,1
10,-24184.0,1
5,-1652.0,1
0,-69072.0,1
-4,45583.0,1
-3,86225.0,1
9,-75320.0,1
-1,116823.0,1
-5,90383.0,1
-5,96913.0,1
-4,38760.0,1
-2,54574.0,1
-1,152032.0,1
-2,80042.0,1
-4,99709.0,1
12,-30018.0,1
-2,88888.0,1
-4,102904.0,1
8,-27242.0,1
-3,54768.0,1
9,-47566.0,1
5,-27562.0,1
5,-89092.0,1
13,-30968.0,1
0,-80669.0,1
-4,73437.0,1
-3,82861.0,1
8,-82405.0,1
-5,134741.0,1
3,-70014.0,1
-2,216598.0,1
8,-24102.0,1
9,-68583.0,1
-5,86426.0,1
8,-19557.0,1
4,-52792.0,1
-2,101284.0,1
-1,144740.0,1
11,-42336.0,1
6,-62959.0,1
3,-78280.0,1
6,-88766.0,1
-5,44841.0,1
5,-88185.0,1
-2,45429.0,1
-5,41515.0,1
2,-62646.0,1
-3,85806.0,1
13,-90775.0,1
14,-2859.0,1
-5,131855.0,1
5,-27351.0,1
-2,139948.0,1
3,-31593.0,1
3,-27080.0,1
2,-66333.0,1
0,-43426.0,1
-1,97172.0,1
-5,85824.0,1
15,-32452.0,1
-3,60725.0,1
-1,90437.0,1
-2,41972.0,1
4,-37443.0,1
-4,79288.0,1
-3,58652.0,1
13,-86004.0,1
-5,156666.0,1
-4,104051.0,1
-5,75079.0,1
0,-73111.0,1
3,-53263.0,1
6,-71618.0,1
-2,62056.0,1
-5,95316.0,1
-4,244400.0,1
-4,151908.0,1
-5,62049.0,1
-5,199324.0,1
13,-49551.0,1
7,-46982.0,1
-1,96289.0,1
-2,122795.0,1
7,-86105.0,1
28,-11659.0,1
-4,52627.0,1
-5,85462.0,1
-4,85090.0,1
-2,45775.0,1
-3,50521.0,1
7,-52806.0,1
5,-4079.0,1
-1,52135.0,1
6,-57461.0,1
0,-46025.0,1
-2,99585.0,1
-4,157680.0,1
-4,88413.0,1
7,-98369.0,1
5,-88709.0,1
12,-92411.0,1
-1,143679.0,1
-3,133037.0,1
30,-12320.0,1
3,-42408.0,1
4,-68980.0,1
7,-47010.0,1
8,-92373.0,1
0,-98946.0,1
9,-6861.0,1
5,-1448.0,1
-2,115576.0,1
-3,54593.0,1
14,-2440.0,1
-5,52215.0,1
-2,82380.0,1
-1,51393.0,1
8,-85959.0,1
-2,144838.0,1
26,-83815.0,1
-4,136104.0,1
12,-30531.0,1
4,-52547.0,1
3,-31354.0,1
-3,144646.0,1
-5,129768.0,1
3,-52414.0,1
2,-2739.0,1
15,-67918.0,1
-4,57603.0,1
5,-92016.0,1
1,-11896.0,1
-5,88330.0,1
7,-99431.0,1
-3,58017.0,1
15,-2938.0,1
1,-68145.0,1
7,-45218.0,1
-2,50540.0,1
2,-91140.0,1
-4,46201.0,1
1,-12630.0,1
2,-59758.0,1
8,-46334.0,1
4,-89136.0,1
-5,111088.0,1
-1,80379.0,1
-2,52633.0,1
9,-568.0,1
0,-54801.0,1
-5,59644.0,1
-2,130438.0,1
14,-63171.0,1
-1,134187.0,1
4,-85134.0,1
8,-57150.0,1
2,-36234.0,1
6,-36263.0,1
5,-86730.0,1
-1,58189.0,1
-4,80588.0,1
1,-18316.0,1
-3,105162.0,1
-2,95978.0,1
-3,66527.0,1
-3,98264.0,1
12,-6364.0,1
-5,159039.0,1
-1,40801.0,1
6,-93797.0,1
2,-2493.0,1
10,-62451.0,1
-2,96955.0,1
7,-2373.0,1
4,-89425.0,1
6,-10179.0,1
-1,76865.0,1
-5,78758.0,1
-3,76866.0,1
8,-63509.0,1
-1,89303.0,1
0,-40728.0,1
2,-24874.0,1
-2,95166.0,1
-4,40291.0,1
0,-41857.0,1
-4,79138.0,1
1,-15032.0,1
6,-27596.0,1
11,-68593.0,1
-5,90150.0,1
6,-66054.0,1
-1,83943.0,1
-1,94459.0,1
28,-45837.0,1
4,-67237.0,1
-1,124207.0,1
-3,129802.0,1
15,-69140.0,1
9,-50829.0,1
5,-76246.0,1
-1,77179.0,1
-5,89457.0,1
5,-84261.0,1
-5,150625.0,1
-5,53791.0,1
-1,133845.0,1
-5,155340.0,1
17,-32245.0,1
13,-56777.0,1
-2,40902.0,1
18,-26395.0,1
2,-64824.0,1
2,-40029.0,1
7,-75612.0,1
8,-70954.0,1
3,-80039.0,1
6,-21690.0,1
-3,173829.0,1
-4,56458.0,1
11,-48972.0,1
7,-71316.0,1
-4,146554.0,1
-1,55767.0,1
-5,71339.0,1
3,-65377.0,1
-2,95179.0,1
-5,40526.0,1
-1,209006.0,1
-4,269258.0,1
-4,94344.0,1
4,-28451.0,1
5,-17121.0,1
-3,172608.0,1
-5,67168.0,1
-4,107652.0,1
-3,78919.0,1
-2,126509.0,1
9,-15781.0,1
8,-32069.0,1
6,-84187.0,1
-3,164581.0,1
-2,40929.0,1
3,-79987.0,1
-5,77480.0,1
1,-67666.0,1
13,-16108.0,1
-3,272526.0,1
10,-66290.0,1
2,-39212.0,1
-3,101143.0,1
0,-67240.0,1
6,-71326.0,1
8,-1371.0,1
13,-60607.0,1
-1,43562.0,1
-1,80604.0,1
-3,84747.0,1
-1,99525.0,1
2,-44235.0,1
-2,47983.0,1
7,-21777.0,1
-3,49219.0,1
0,-43980.0,1
-3,260509.0,1
12,-81353.0,1
-3,90114.0,1
2,-46805.0,1
4,-78771.0,1
-5,60417.0,1
2,-39063.0,1
-2,139280.0,1
8,-42148.0,1
8,-34460.0,1
2,-1025.0,1
-4,285515.0,1
-1,48058.0,1
4,-44889.0,1
4,-44394.0,1
-4,47380.0,1
13,-20716.0,1
11,-37951.0,1
3,-29065.0,1
-3,134505.0,1
11,-82079.0,1
7,-46263.0,1
2,-30777.0,1
-4,48739.0,1
-5,81791.0,1
-5,71675.0,1
-3,121336.0,1
-1,47071.0,1
10,-12062.0,1
7,-94901.0,1
1,-63129.0,1
10,-70168.0,1
5,-18552.0,1
20,-60092.0,1
-4,224430.0,1
-4,87750.0,1
9,-42234.0,1
4,-62819.0,1
-3,55424.0,1
-5,86078.0,1
-1,47454.0,1
8,-18022.0,1
-2,87259.0,1
-2,193914.0,1
9,-5509.0,1
1,-19182.0,1
0,-9664.0,1
-1,88425.0,1
0,-17042.0,1
-3,98960.0,1
-4,136992.0,1
5,-70936.0,1
1,-52142.0,1
4,-84659.0,1
1,-8868.0,1
8,-10298.0,1
2,-7754.0,1
-1,42304.0,1
-1,117215.0,1
1,-99387.0,1
-3,102012.0,1
-4,149353.0,1
7,-56099.0,1
14,-87232.0,1
5,-93419.0,1
8,-53514.0,1
-2,101344.0,1
1,-59193.0,1
5,-79581.0,1
5,-83314.0,1
-4,41598.0,1
4,-6207.0,1
-1,45712.0,1
29,-36172.0,1
5,-6411.0,1
-2,49125.0,1
-4,58310.0,1
2,-21779.0,1
-2,61547.0,1
-4,102159.0,1
9,-35406.0,1
1,-52508.0,1
12,-95795.0,1
-1,139052.0,1
29,-28504.0,1
-3,52309.0,1
8,-26899.0,1
7,-63520.0,1
-5,126975.0,1
14,-86596.0,1
-3,53867.0,1
-3,61040.0,1
-5,46368.0,1
2,-18520.0,1
-5,53985.0,1
11,-54043.0,1
2,-24864.0,1
-5,160073.0,1
8,-51982.0,1
25,-24422.0,1
-3,99555.0,1
14,-70434.0,1
2,-16155.0,1
-5,50751.0,1
-1,44169.0,1
6,-60564.0,1
1,-46302.0,1
2,-73240.0,1
-4,226953.0,1
5,-65095.0,1
22,-66474.0,1
0,-33112.0,1
-2,93750.0,1
4,-97652.0,1
-5,51955.0,1
11,-31022.0,1
9,-7757.0,1
1,-30627.0,1
-2,92347.0,1
-1,168303.0,1
-5,78461.0,1
-3,44251.0,1
15,-91599.0,1
-1,141544.0,1
11,-94471.0,1
4,-4241.0,1
-5,48080.0,1
-3,169683.0,1
-3,86643.0,1
-5,93391.0,1
8,-31869.0,1
-5,75438.0,1
1,-34864.0,1
-1,192278.0,1
15,-20703.0,1
-4,45453.0,1
-3,95728.0,1
-1,97569.0,1
3,-60839.0,1
-4,84562.0,1
4,-6235.0,1
12,-83423.0,1
-2,86090.0,1
2,-55159.0,1
15,-38169.0,1
3,-85744.0,1
-3,97019.0,1
8,-10513.0,1
-5,91661.0,1
-5,64888.0,1
-4,228304.0,1
5,-83761.0,1
-4,81938.0,1
19,-2808.0,1
2,-57177.0,1
-5,53522.0,1
5,-21539.0,1
21,-51818.0,1
7,-37196.0,1
13,-89314.0,1
3,-29256.0,1
7,-24161.0,1
-1,42403.0,1
1,-32953.0,1
-2,48499.0,1
7,-53760.0,1
-4,83514.0,1
-4,61552.0,1
14,-88092.0,1
4,-39400.0,1
7,-10944.0,1
-3,79988.0,1
27,-41758.0,1
0,-33202.0,1
-4,62994.0,1
0,-79429.0,1
1,-97040.0,1
-5,97197.0,1
-3,64430.0,1
-4,46334.0,1
-4,98068.0,1
-5,55754.0,1
6,-6125.0,1
-1,36946.0,1
10,-21516.0,1
-3,92521.0,1
-4,149588.0,1
0,-61303.0,1
-5,50047.0,1
-1,51523.0,1
0,-91318.0,1
-5,57568.0,1
8,-41828.0,1
-3,59139.0,1
-3,62594.0,1
-3,147809.0,1
-1,56668.0,1
3,-10007.0,1
2,-73682.0,1
15,-17001.0,1
0,-32546.0,1
-2,268661.0,1
2,-18653.0,1
3,-71615.0,1
1,-91844.0,1
5,-86323.0,1
4,-16008.0,1
-2,81012.0,1
9,-45682.0,1
3,-32434.0,1
2,-16562.0,1
3,-64183.0,1
5,-6445.0,1
6,-29099.0,1
-2,77205.0,1
10,-13770.0,1
-5,156770.0,1
12,-8651.0,1
8,-74776.0,1
-4,206531.0,1
1,-26270.0,1
-3,44241.0,1
3,-47263.0,1
3,-88726.0,1
3,-85402.0,1
-4,91170.0,1
6,-11311.0,1
3,-48851.0,1
1,-19446.0,1
0,-10547.0,1
8,-69322.0,1
0,-60822.0,1
-2,89140.0,1
-1,165241.0,1
13,-57508.0,1
2,-17297.0,1
-2,142227.0,1
2,-99791.0,1
3,-39861.0,1
-3,49997.0,1
-3,76208.0,1
-1,124358.0,1
1,-52098.0,1
-1,126751.0,1
2,-33422.0,1
8,-53940.0,1
-3,61038.0,1
5,-67420.0,1
1,-79807.0,1
-4,105279.0,1
-4,90341.0,1
-3,127456.0,1
-2,62040.0,1
9,-91680.0,1
4,-74548.0,1
-1,67614.0,1
7,-21103.0,1
-3,80980.0,1
0,-83569.0,1
1,-72018.0,1
-5,80564.0,1
-3,61493.0,1
-2,38465.0,1
1,-84668.0,1
-4,50916.0,1
-2,61663.0,1
3,-95287.0,1
10,-85485.0,1
12,-50486.0,1
4,-22309.0,1
1,-82163.0,1
-5,50978.0,1
1,-88804.0,1
6,-24323.0,1
11,-26880.0,1
3,-31021.0,1
1,-88788.0,1
18,-26649.0,1
8,-79987.0,1
-4,42905.0,1
7,-86735.0,1
-4,112883.0,1
6,-89908.0,1
7,-98546.0,1
12,-19488.0,1
2,-4611.0,1
-4,84010.0,1
10,-35683.0,1
1,-50887.0,1
-2,84901.0,1
7,-42926.0,1
8,-50078.0,1
0,-65101.0,1
-3,152273.0,1
8,-86911.0,1
13,-35194.0,1
-2,82911.0,1
2,-81315.0,1
8,-48712.0,1
9,-59993.0,1
7,-65446.0,1
-2,52711.0,1
4,-29828.0,1
8,-85230.0,1
8,-31661.0,1
-3,86183.0,1
0,-12684.0,1
15,-45293.0,1
7,-91953.0,1
-1,201456.0,1
22,-66024.0,1
-5,80801.0,1
12,-15748.0,1
0,-2329.0,1
-1,103139.0,1
-2,54921.0,1
-2,40137.0,1
3,-28136.0,1
11,-92471.0,1
7,-75597.0,1
-4,46494.0,1
0,-17659.0,1
-1,154780.0,1
-5,97065.0,1
-4,76261.0,1
-4,84152.0,1
14,-32144.0,1
-3,266221.0,1
-5,87180.0,1
-2,132901.0,1
7,-78042.0,1
1,-40769.0,1
8,-15856.0,1
-2,47148.0,1
2,-19024.0,1
-4,85511.0,1
7,-92464.0,1
-3,144432.0,1
-2,116790.0,1
4,-98346.0,1
-5,96383.0,1
2,-62690.0,1
-5,52310.0,1
-2,53423.0,1
0,-50002.0,1
7,-54341.0,1
0,-58794.0,1
15,-1834.0,1
6,-60720.0,1
5,-40808.0,1
-1,81958.0,1
-5,99666.0,1
10,-69367.0,1
5,-2302.0,1
-1,128660.0,1
15,-338.0,1
1,-12369.0,1
1,-59110.0,1
-3,95108.0,1
-3,58493.0,1
-1,143723.0,1
-1,46682.0,1
2,-16379.0,1
-4,57059.0,1
-4,133502.0,1
14,-87340.0,1
-4,44654.0,1
1,-22700.0,1
0,-14693.0,1
9,-45736.0,1
0,-96475.0,1
-3,49445.0,1
8,-75146.0,1
-1,42663.0,1
12,-64246.0,1
13,-20004.0,1
-2,126680.0,1
-5,81839.0,1
-3,172865.0,1
-4,113341.0,1
2,-60475.0,1
3,-2640.0,1
-1,44177.0,1
-5,74637.0,1
-1,85915.0,1
14,-72725.0,1
3,-7814.0,1
19,-53518.0,1
6,-2251.0,1
-4,78168.0,1
0,-72572.0,1
5,-79388.0,1
-3,86850.0,1
-3,61298.0,1
6,-93074.0,1
2,-98726.0,1
11,-56111.0,1
2,-23943.0,1
9,-58129.0,1
6,-60925.0,1
8,-2104.0,1
-3,101391.0,1
13,-62613.0,1
-3,58658.0,1
4,-69667.0,1
24,-75790.0,1
5,-6358.0,1
0,-65326.0,1
-3,80711.0,1
6,-93657.0,1
7,-41547.0,1
-1,153702.0,1
-2,44089.0,1
3,-85163.0,1
-5,74919.0,1
-4,93456.0,1
-3,194581.0,1
-2,96180.0,1
-3,57511.0,1
6,-5388.0,1
6,-34805.0,1
13,-82567.0,1
3,-72599.0,1
-5,161230.0,1
-4,95762.0,1
5,-42869.0,1
-1,151209.0,1
1,-17442.0,1
2,-60602.0,1
15,-38652.0,1
8,-76624.0,1
-2,59720.0,1
-5,52579.0,1
-1,45038.0,1
-5,38320.0,1
2,-54778.0,1
6,-78874.0,1
1,-58859.0,1
-4,86563.0,1
15,-72507.0,1
4,-18419.0,1
9,-46489.0,1
11,-26003.0,1
-2,56193.0,1
-1,94296.0,1
7,-34181.0,1
-5,163501.0,1
4,-41014.0,1
1,-34760.0,1
2,-17624.0,1
5,-67150.0,1
-5,116377.0,1
-2,211269.0,1
5,-4998.0,1
4,-78490.0,1
-4,147379.0,1
12,-30595.0,1
2,-91408.0,1
-4,189328.0,1
-1,80374.0,1
5,-28882.0,1
1,-31541.0,1
3,-75623.0,1
5,-31597.0,1
1,-18878.0,1
-2,103627.0,1
2,-44089.0,1
14,-12355.0,1
3,-85030.0,1
-4,62153.0,1
9,-1166.0,1
-5,59730.0,1
